payment_id,loan_id,amount,payment_timestamp
LP000001,L00001,4738.22,2025-12-01T15:55:43
LP000002,L00001,4738.22,2026-01-02T15:55:43
LP000003,L00001,4738.22,2026-01-28T15:55:43
LP000004,L00001,4738.22,2026-03-04T15:55:43
LP000005,L00001,4738.22,2026-03-28T15:55:43
LP000006,L00001,4738.22,2026-04-26T15:55:43
LP000007,L00001,4738.22,2026-05-26T15:55:43
LP000008,L00001,4738.22,2026-06-24T15:55:43
LP000009,L00002,18106.67,2026-06-11T12:03:27
LP000010,L00004,8264.67,2025-09-03T16:34:54
LP000011,L00004,8264.67,2025-10-06T16:34:54
LP000012,L00004,8264.67,2025-11-04T16:34:54
LP000013,L00004,8264.67,2025-12-05T16:34:54
LP000014,L00004,8264.67,2026-01-05T16:34:54
LP000015,L00004,8264.67,2026-02-02T16:34:54
LP000016,L00004,8264.67,2026-03-03T16:34:54
LP000017,L00004,8264.67,2026-04-02T16:34:54
LP000018,L00004,8264.67,2026-05-06T16:34:54
LP000019,L00004,8264.67,2026-05-31T16:34:54
LP000020,L00005,27244.0,2026-01-16T15:58:11
LP000021,L00005,27244.0,2026-02-12T15:58:11
LP000022,L00005,27244.0,2026-03-19T15:58:11
LP000023,L00005,27244.0,2026-04-20T15:58:11
LP000024,L00005,27244.0,2026-06-19T15:58:11
LP000025,L00006,30370.67,2026-01-20T16:54:50
LP000026,L00006,30370.67,2026-02-20T16:54:50
LP000027,L00006,30370.67,2026-03-22T16:54:50
LP000028,L00006,30370.67,2026-04-21T16:54:50
LP000029,L00006,30370.67,2026-05-19T16:54:50
LP000030,L00006,30370.67,2026-06-18T16:54:50
LP000031,L00008,2356.67,2026-01-09T08:37:15
LP000032,L00008,2356.67,2026-02-12T08:37:15
LP000033,L00008,2356.67,2026-03-12T08:37:15
LP000034,L00008,2356.67,2026-04-12T08:37:15
LP000035,L00008,2356.67,2026-05-12T08:37:15
LP000036,L00008,2356.67,2026-06-13T08:37:15
LP000037,L00009,4165.78,2026-04-01T10:19:34
LP000038,L00009,4165.78,2026-05-02T10:19:34
LP000039,L00009,4165.78,2026-05-28T10:19:34
LP000040,L00009,4165.78,2026-07-03T10:19:34
LP000041,L00010,5845.78,2026-01-04T11:54:35
LP000042,L00010,5845.78,2026-02-01T11:54:35
LP000043,L00010,5845.78,2026-02-28T11:54:35
LP000044,L00010,5845.78,2026-03-30T11:54:35
LP000045,L00010,5845.78,2026-04-27T11:54:35
LP000046,L00010,5845.78,2026-05-28T11:54:35
LP000047,L00010,5845.78,2026-06-30T11:54:35
LP000048,L00011,32274.67,2026-03-31T11:39:05
LP000049,L00011,32274.67,2026-05-01T11:39:05
LP000050,L00011,32274.67,2026-06-07T11:39:05
LP000051,L00012,17294.67,2025-11-11T11:27:38
LP000052,L00012,17294.67,2025-12-08T11:27:38
LP000053,L00012,17294.67,2026-01-05T11:27:38
LP000054,L00012,17294.67,2026-02-06T11:27:38
LP000055,L00012,17294.67,2026-03-09T11:27:38
LP000056,L00012,17294.67,2026-05-09T11:27:38
LP000057,L00012,17294.67,2026-06-08T11:27:38
LP000058,L00013,2776.67,2025-12-10T12:56:12
LP000059,L00013,2776.67,2026-01-05T12:56:12
LP000060,L00013,2776.67,2026-02-03T12:56:12
LP000061,L00013,2776.67,2026-04-07T12:56:12
LP000062,L00013,2776.67,2026-05-10T12:56:12
LP000063,L00013,2776.67,2026-06-05T12:56:12
LP000064,L00014,7927.11,2026-04-07T09:22:56
LP000065,L00014,7927.11,2026-05-08T09:22:56
LP000066,L00014,7927.11,2026-06-08T09:22:56
LP000067,L00015,24192.0,2026-03-13T10:10:12
LP000068,L00015,24192.0,2026-04-19T10:10:12
LP000069,L00015,24192.0,2026-05-17T10:10:12
LP000070,L00015,24192.0,2026-06-14T10:10:12
LP000071,L00016,47133.33,2026-06-18T10:45:45
LP000072,L00017,17988.44,2026-07-04T16:09:43
LP000073,L00018,2292.89,2025-10-05T13:39:03
LP000074,L00018,2292.89,2025-11-03T13:39:03
LP000075,L00018,2292.89,2026-01-02T13:39:03
LP000076,L00018,2292.89,2026-02-01T13:39:03
LP000077,L00018,2292.89,2026-03-03T13:39:03
LP000078,L00018,2292.89,2026-03-30T13:39:03
LP000079,L00018,2292.89,2026-05-05T13:39:03
LP000080,L00018,2292.89,2026-05-30T13:39:03
LP000081,L00018,2292.89,2026-06-28T13:39:03
LP000082,L00019,8418.67,2026-01-14T16:55:52
LP000083,L00019,8418.67,2026-02-13T16:55:52
LP000084,L00019,8418.67,2026-03-16T16:55:52
LP000085,L00019,8418.67,2026-04-09T16:55:52
LP000086,L00019,8418.67,2026-05-07T16:55:52
LP000087,L00019,8418.67,2026-06-12T16:55:52
LP000088,L00020,23800.0,2025-12-01T16:19:06
LP000089,L00020,23800.0,2025-12-30T16:19:06
LP000090,L00020,23800.0,2026-01-27T16:19:06
LP000091,L00020,23800.0,2026-02-27T16:19:06
LP000092,L00020,23800.0,2026-03-30T16:19:06
LP000093,L00020,23800.0,2026-04-26T16:19:06
LP000094,L00020,23800.0,2026-05-25T16:19:06
LP000095,L00020,23800.0,2026-06-23T16:19:06
LP000096,L00021,1316.0,2026-02-17T08:42:10
LP000097,L00021,1316.0,2026-03-18T08:42:10
LP000098,L00021,1316.0,2026-04-13T08:42:10
LP000099,L00021,1316.0,2026-05-13T08:42:10
LP000100,L00021,1316.0,2026-06-12T08:42:10
LP000101,L00022,385.78,2025-09-02T08:23:57
LP000102,L00022,385.78,2025-09-29T08:23:57
LP000103,L00022,385.78,2025-10-30T08:23:57
LP000104,L00022,385.78,2025-12-01T08:23:57
LP000105,L00022,385.78,2025-12-28T08:23:57
LP000106,L00022,385.78,2026-02-24T08:23:57
LP000107,L00022,385.78,2026-03-24T08:23:57
LP000108,L00022,385.78,2026-04-26T08:23:57
LP000109,L00022,385.78,2026-05-31T08:23:57
LP000110,L00022,385.78,2026-06-24T08:23:57
LP000111,L00023,7578.67,2026-04-26T11:01:03
LP000112,L00023,7578.67,2026-05-25T11:01:03
LP000113,L00023,7578.67,2026-06-30T11:01:03
LP000114,L00024,1642.67,2026-05-13T15:48:27
LP000115,L00024,1642.67,2026-06-19T15:48:27
LP000116,L00025,16128.0,2026-06-03T11:20:46
LP000117,L00026,2660.0,2026-02-15T13:44:46
LP000118,L00026,2660.0,2026-03-23T13:44:46
LP000119,L00026,2660.0,2026-04-15T13:44:46
LP000120,L00026,2660.0,2026-05-18T13:44:46
LP000121,L00026,2660.0,2026-06-13T13:44:46
LP000122,L00027,21009.33,2025-10-31T13:50:59
LP000123,L00027,21009.33,2025-12-07T13:50:59
LP000124,L00027,21009.33,2026-01-06T13:50:59
LP000125,L00027,21009.33,2026-02-06T13:50:59
LP000126,L00027,21009.33,2026-03-01T13:50:59
LP000127,L00027,21009.33,2026-04-04T13:50:59
LP000128,L00027,21009.33,2026-04-30T13:50:59
LP000129,L00027,21009.33,2026-05-29T13:50:59
LP000130,L00028,18629.33,2026-01-20T13:24:56
LP000131,L00028,18629.33,2026-02-26T13:24:56
LP000132,L00028,18629.33,2026-03-22T13:24:56
LP000133,L00028,18629.33,2026-04-20T13:24:56
LP000134,L00028,18629.33,2026-05-26T13:24:56
LP000135,L00029,13169.33,2025-10-29T08:38:17
LP000136,L00029,13169.33,2025-11-28T08:38:17
LP000137,L00029,13169.33,2025-12-25T08:38:17
LP000138,L00029,13169.33,2026-01-24T08:38:17
LP000139,L00029,13169.33,2026-02-23T08:38:17
LP000140,L00029,13169.33,2026-03-28T08:38:17
LP000141,L00029,13169.33,2026-04-24T08:38:17
LP000142,L00029,13169.33,2026-05-22T08:38:17
LP000143,L00029,13169.33,2026-06-23T08:38:17
LP000144,L00030,10798.67,2026-02-26T08:09:07
LP000145,L00030,10798.67,2026-03-27T08:09:07
LP000146,L00030,10798.67,2026-05-04T08:09:07
LP000147,L00030,10798.67,2026-07-01T08:09:07
LP000148,L00031,47861.33,2026-01-16T09:39:23
LP000149,L00031,47861.33,2026-02-07T09:39:23
LP000150,L00031,47861.33,2026-03-16T09:39:23
LP000151,L00031,47861.33,2026-04-16T09:39:23
LP000152,L00031,47861.33,2026-05-12T09:39:23
LP000153,L00031,47861.33,2026-06-11T09:39:23
LP000154,L00032,6178.67,2025-10-22T09:17:28
LP000155,L00032,6178.67,2025-11-22T09:17:28
LP000156,L00032,6178.67,2025-12-17T09:17:28
LP000157,L00032,6178.67,2026-01-13T09:17:28
LP000158,L00032,6178.67,2026-02-12T09:17:28
LP000159,L00032,6178.67,2026-03-19T09:17:28
LP000160,L00032,6178.67,2026-04-18T09:17:28
LP000161,L00032,6178.67,2026-05-14T09:17:28
LP000162,L00032,6178.67,2026-06-14T09:17:28
LP000163,L00033,5917.33,2026-03-25T15:12:59
LP000164,L00033,5917.33,2026-04-25T15:12:59
LP000165,L00033,5917.33,2026-05-18T15:12:59
LP000166,L00033,5917.33,2026-06-21T15:12:59
LP000167,L00034,24873.33,2026-06-18T14:44:14
LP000168,L00035,25405.33,2025-08-20T12:35:54
LP000169,L00035,25405.33,2025-09-19T12:35:54
LP000170,L00035,25405.33,2025-10-22T12:35:54
LP000171,L00035,25405.33,2025-11-23T12:35:54
LP000172,L00035,25405.33,2025-12-26T12:35:54
LP000173,L00035,25405.33,2026-01-18T12:35:54
LP000174,L00035,25405.33,2026-02-20T12:35:54
LP000175,L00035,25405.33,2026-03-21T12:35:54
LP000176,L00035,25405.33,2026-04-17T12:35:54
LP000177,L00035,25405.33,2026-06-21T12:35:54
LP000178,L00036,20216.0,2026-03-05T10:21:13
LP000179,L00036,20216.0,2026-03-28T10:21:13
LP000180,L00036,20216.0,2026-05-04T10:21:13
LP000181,L00036,20216.0,2026-06-02T10:21:13
LP000182,L00036,20216.0,2026-06-29T10:21:13
LP000183,L00037,12973.33,2025-11-24T10:09:33
LP000184,L00037,12973.33,2025-12-24T10:09:33
LP000185,L00037,12973.33,2026-01-18T10:09:33
LP000186,L00037,12973.33,2026-02-18T10:09:33
LP000187,L00037,12973.33,2026-03-24T10:09:33
LP000188,L00037,12973.33,2026-04-23T10:09:33
LP000189,L00038,38677.33,2026-05-30T14:38:00
LP000190,L00038,38677.33,2026-06-29T14:38:00
LP000191,L00039,6128.89,2026-04-30T13:52:08
LP000192,L00039,6128.89,2026-05-25T13:52:08
LP000193,L00039,6128.89,2026-07-01T13:52:08
LP000194,L00040,746.67,2025-11-05T08:21:00
LP000195,L00040,746.67,2025-12-04T08:21:00
LP000196,L00040,746.67,2025-12-28T08:21:00
LP000197,L00040,746.67,2026-02-01T08:21:00
LP000198,L00040,746.67,2026-03-01T08:21:00
LP000199,L00040,746.67,2026-03-30T08:21:00
LP000200,L00040,746.67,2026-04-27T08:21:00
LP000201,L00040,746.67,2026-06-02T08:21:00
LP000202,L00040,746.67,2026-07-01T08:21:00
LP000203,L00041,27141.33,2026-06-13T12:21:57
LP000204,L00042,40898.67,2026-03-10T09:42:33
LP000205,L00042,40898.67,2026-04-09T09:42:33
LP000206,L00042,40898.67,2026-05-02T09:42:33
LP000207,L00042,40898.67,2026-06-09T09:42:33
LP000208,L00043,16663.11,2025-10-06T16:50:30
LP000209,L00043,16663.11,2025-11-13T16:50:30
LP000210,L00043,16663.11,2025-12-08T16:50:30
LP000211,L00043,16663.11,2026-01-04T16:50:30
LP000212,L00043,16663.11,2026-02-11T16:50:30
LP000213,L00043,16663.11,2026-03-08T16:50:30
LP000214,L00043,16663.11,2026-04-10T16:50:30
LP000215,L00043,16663.11,2026-05-08T16:50:30
LP000216,L00043,16663.11,2026-06-06T16:50:30
LP000217,L00044,25181.33,2026-01-28T09:17:05
LP000218,L00044,25181.33,2026-02-24T09:17:05
LP000219,L00044,25181.33,2026-04-28T09:17:05
LP000220,L00044,25181.33,2026-06-01T09:17:05
LP000221,L00044,25181.33,2026-06-26T09:17:05
LP000222,L00045,7046.67,2025-11-01T13:23:36
LP000223,L00045,7046.67,2025-11-27T13:23:36
LP000224,L00045,7046.67,2025-12-31T13:23:36
LP000225,L00045,7046.67,2026-02-03T13:23:36
LP000226,L00045,7046.67,2026-02-27T13:23:36
LP000227,L00045,7046.67,2026-03-28T13:23:36
LP000228,L00045,7046.67,2026-04-26T13:23:36
LP000229,L00045,7046.67,2026-05-29T13:23:36
LP000230,L00045,7046.67,2026-07-01T13:23:36
LP000231,L00046,1148.0,2025-10-02T09:34:28
LP000232,L00046,1148.0,2025-10-27T09:34:28
LP000233,L00046,1148.0,2025-11-27T09:34:28
LP000234,L00046,1148.0,2025-12-30T09:34:28
LP000235,L00046,1148.0,2026-01-27T09:34:28
LP000236,L00046,1148.0,2026-04-02T09:34:28
LP000237,L00046,1148.0,2026-04-24T09:34:28
LP000238,L00046,1148.0,2026-05-31T09:34:28
LP000239,L00046,1148.0,2026-06-27T09:34:28
LP000240,L00047,22530.67,2026-04-13T13:18:49
LP000241,L00047,22530.67,2026-05-18T13:18:49
LP000242,L00047,22530.67,2026-06-11T13:18:49
LP000243,L00048,8051.56,2026-06-03T15:17:23
LP000244,L00048,8051.56,2026-06-27T15:17:23
LP000245,L00049,4455.11,2026-02-17T16:37:24
LP000246,L00049,4455.11,2026-03-12T16:37:24
LP000247,L00049,4455.11,2026-04-12T16:37:24
LP000248,L00049,4455.11,2026-05-12T16:37:24
LP000249,L00049,4455.11,2026-06-11T16:37:24
LP000250,L00050,18545.33,2025-10-27T08:03:49
LP000251,L00050,18545.33,2025-11-27T08:03:49
LP000252,L00050,18545.33,2025-12-21T08:03:49
LP000253,L00050,18545.33,2026-01-20T08:03:49
LP000254,L00050,18545.33,2026-02-23T08:03:49
LP000255,L00050,18545.33,2026-04-25T08:03:49
LP000256,L00050,18545.33,2026-05-20T08:03:49
LP000257,L00050,18545.33,2026-06-20T08:03:49
LP000258,L00051,3571.56,2025-12-02T16:43:25
LP000259,L00051,3571.56,2025-12-29T16:43:25
LP000260,L00051,3571.56,2026-01-30T16:43:25
LP000261,L00051,3571.56,2026-02-27T16:43:25
LP000262,L00051,3571.56,2026-04-01T16:43:25
LP000263,L00051,3571.56,2026-04-26T16:43:25
LP000264,L00051,3571.56,2026-05-28T16:43:25
LP000265,L00051,3571.56,2026-06-24T16:43:25
LP000266,L00052,2233.78,2026-03-31T08:35:56
LP000267,L00052,2233.78,2026-04-30T08:35:56
LP000268,L00052,2233.78,2026-06-04T08:35:56
LP000269,L00053,16824.89,2025-12-17T15:32:28
LP000270,L00053,16824.89,2026-01-22T15:32:28
LP000271,L00053,16824.89,2026-03-23T15:32:28
LP000272,L00053,16824.89,2026-04-23T15:32:28
LP000273,L00053,16824.89,2026-05-24T15:32:28
LP000274,L00053,16824.89,2026-06-20T15:32:28
LP000275,L00054,16905.78,2025-08-22T14:57:16
LP000276,L00054,16905.78,2025-09-24T14:57:16
LP000277,L00054,16905.78,2025-10-28T14:57:16
LP000278,L00054,16905.78,2025-11-23T14:57:16
LP000279,L00054,16905.78,2025-12-27T14:57:16
LP000280,L00054,16905.78,2026-01-18T14:57:16
LP000281,L00054,16905.78,2026-02-22T14:57:16
LP000282,L00054,16905.78,2026-04-23T14:57:16
LP000283,L00054,16905.78,2026-05-26T14:57:16
LP000284,L00054,16905.78,2026-06-22T14:57:16
LP000285,L00055,5139.56,2026-02-15T12:09:39
LP000286,L00055,5139.56,2026-03-14T12:09:39
LP000287,L00055,5139.56,2026-04-13T12:09:39
LP000288,L00055,5139.56,2026-05-13T12:09:39
LP000289,L00055,5139.56,2026-06-09T12:09:39
LP000290,L00056,7227.11,2026-04-16T13:45:30
LP000291,L00056,7227.11,2026-05-23T13:45:30
LP000292,L00056,7227.11,2026-06-16T13:45:30
LP000293,L00057,6309.33,2026-03-22T09:12:27
LP000294,L00057,6309.33,2026-04-21T09:12:27
LP000295,L00057,6309.33,2026-05-24T09:12:27
LP000296,L00058,8334.67,2025-12-22T12:49:30
LP000297,L00058,8334.67,2026-01-22T12:49:30
LP000298,L00058,8334.67,2026-02-25T12:49:30
LP000299,L00058,8334.67,2026-03-27T12:49:30
LP000300,L00058,8334.67,2026-04-25T12:49:30
LP000301,L00058,8334.67,2026-06-24T12:49:30
LP000302,L00059,4906.22,2025-09-22T08:32:33
LP000303,L00059,4906.22,2025-10-19T08:32:33
LP000304,L00059,4906.22,2025-11-20T08:32:33
LP000305,L00059,4906.22,2025-12-21T08:32:33
LP000306,L00059,4906.22,2026-01-15T08:32:33
LP000307,L00059,4906.22,2026-03-16T08:32:33
LP000308,L00059,4906.22,2026-04-15T08:32:33
LP000309,L00059,4906.22,2026-05-17T08:32:33
LP000310,L00059,4906.22,2026-06-19T08:32:33
LP000311,L00060,2697.33,2026-06-11T08:47:59
LP000312,L00061,54320.0,2025-08-12T08:06:19
LP000313,L00061,54320.0,2025-09-06T08:06:19
LP000314,L00061,54320.0,2025-10-07T08:06:19
LP000315,L00061,54320.0,2025-11-10T08:06:19
LP000316,L00061,54320.0,2025-12-06T08:06:19
LP000317,L00061,54320.0,2026-01-05T08:06:19
LP000318,L00062,12030.67,2025-09-01T11:07:07
LP000319,L00062,12030.67,2025-10-05T11:07:07
LP000320,L00062,12030.67,2025-11-28T11:07:07
LP000321,L00062,12030.67,2025-12-28T11:07:07
LP000322,L00062,12030.67,2026-01-27T11:07:07
LP000323,L00062,12030.67,2026-03-01T11:07:07
LP000324,L00062,12030.67,2026-04-02T11:07:07
LP000325,L00062,12030.67,2026-05-04T11:07:07
LP000326,L00062,12030.67,2026-05-29T11:07:07
LP000327,L00062,12030.67,2026-07-01T11:07:07
LP000328,L00063,20076.0,2025-10-09T14:58:31
LP000329,L00063,20076.0,2025-12-09T14:58:31
LP000330,L00063,20076.0,2026-01-09T14:58:31
LP000331,L00063,20076.0,2026-02-11T14:58:31
LP000332,L00063,20076.0,2026-03-14T14:58:31
LP000333,L00063,20076.0,2026-04-08T14:58:31
LP000334,L00063,20076.0,2026-05-07T14:58:31
LP000335,L00063,20076.0,2026-06-14T14:58:31
LP000336,L00064,1064.0,2025-09-20T11:46:48
LP000337,L00064,1064.0,2025-10-22T11:46:48
LP000338,L00064,1064.0,2025-11-21T11:46:48
LP000339,L00064,1064.0,2025-12-17T11:46:48
LP000340,L00064,1064.0,2026-01-21T11:46:48
LP000341,L00064,1064.0,2026-02-23T11:46:48
LP000342,L00064,1064.0,2026-03-25T11:46:48
LP000343,L00064,1064.0,2026-04-23T11:46:48
LP000344,L00064,1064.0,2026-05-20T11:46:48
LP000345,L00064,1064.0,2026-06-18T11:46:48
LP000346,L00065,7693.78,2025-12-02T08:02:40
LP000347,L00065,7693.78,2026-01-01T08:02:40
LP000348,L00065,7693.78,2026-01-27T08:02:40
LP000349,L00065,7693.78,2026-02-22T08:02:40
LP000350,L00065,7693.78,2026-04-01T08:02:40
LP000351,L00065,7693.78,2026-05-01T08:02:40
LP000352,L00065,7693.78,2026-05-30T08:02:40
LP000353,L00065,7693.78,2026-06-22T08:02:40
LP000354,L00066,4816.0,2026-03-19T15:07:27
LP000355,L00066,4816.0,2026-04-23T15:07:27
LP000356,L00066,4816.0,2026-05-26T15:07:27
LP000357,L00066,4816.0,2026-06-18T15:07:27
LP000358,L00067,11242.0,2025-12-16T16:32:49
LP000359,L00067,11242.0,2026-01-08T16:32:49
LP000360,L00067,11242.0,2026-02-07T16:32:49
LP000361,L00067,11242.0,2026-03-13T16:32:49
LP000362,L00067,11242.0,2026-04-09T16:32:49
LP000363,L00067,11242.0,2026-05-08T16:32:49
LP000364,L00067,11242.0,2026-06-14T16:32:49
LP000365,L00068,1978.67,2026-01-28T08:00:06
LP000366,L00068,1978.67,2026-03-28T08:00:06
LP000367,L00068,1978.67,2026-05-01T08:00:06
LP000368,L00068,1978.67,2026-06-02T08:00:06
LP000369,L00068,1978.67,2026-06-25T08:00:06
LP000370,L00069,11848.67,2025-11-22T11:33:55
LP000371,L00069,11848.67,2025-12-25T11:33:55
LP000372,L00069,11848.67,2026-01-24T11:33:55
LP000373,L00069,11848.67,2026-02-18T11:33:55
LP000374,L00069,11848.67,2026-03-23T11:33:55
LP000375,L00069,11848.67,2026-04-25T11:33:55
LP000376,L00069,11848.67,2026-05-25T11:33:55
LP000377,L00069,11848.67,2026-06-25T11:33:55
LP000378,L00070,49840.0,2026-02-11T09:17:39
LP000379,L00070,49840.0,2026-03-10T09:17:39
LP000380,L00070,49840.0,2026-04-15T09:17:39
LP000381,L00070,49840.0,2026-05-15T09:17:39
LP000382,L00070,49840.0,2026-06-06T09:17:39
LP000383,L00071,23744.0,2026-05-11T10:08:53
LP000384,L00071,23744.0,2026-06-11T10:08:53
LP000385,L00072,2436.0,2026-04-28T13:33:36
LP000386,L00072,2436.0,2026-05-27T13:33:36
LP000387,L00072,2436.0,2026-06-30T13:33:36
LP000388,L00073,5282.67,2025-10-25T12:25:58
LP000389,L00073,5282.67,2025-11-19T12:25:58
LP000390,L00073,5282.67,2025-12-24T12:25:58
LP000391,L00073,5282.67,2026-01-18T12:25:58
LP000392,L00073,5282.67,2026-04-18T12:25:58
LP000393,L00073,5282.67,2026-05-24T12:25:58
LP000394,L00073,5282.67,2026-06-16T12:25:58
LP000395,L00074,34664.0,2025-12-26T11:11:37
LP000396,L00074,34664.0,2026-01-23T11:11:37
LP000397,L00074,34664.0,2026-02-18T11:11:37
LP000398,L00074,34664.0,2026-03-21T11:11:37
LP000399,L00074,34664.0,2026-04-21T11:11:37
LP000400,L00074,34664.0,2026-05-21T11:11:37
LP000401,L00075,8325.33,2026-04-14T10:59:47
LP000402,L00075,8325.33,2026-05-16T10:59:47
LP000403,L00076,22904.0,2026-06-13T13:36:19
LP000404,L00077,5226.67,2026-06-15T08:26:04
LP000405,L00078,13878.67,2026-04-26T16:00:20
LP000406,L00078,13878.67,2026-05-23T16:00:20
LP000407,L00078,13878.67,2026-06-20T16:00:20
LP000408,L00079,5730.67,2026-01-14T12:46:40
LP000409,L00079,5730.67,2026-02-05T12:46:40
LP000410,L00079,5730.67,2026-03-07T12:46:40
LP000411,L00079,5730.67,2026-05-12T12:46:40
LP000412,L00079,5730.67,2026-06-12T12:46:40
LP000413,L00080,50773.33,2026-03-30T11:07:22
LP000414,L00080,50773.33,2026-04-30T11:07:22
LP000415,L00080,50773.33,2026-05-28T11:07:22
LP000416,L00080,50773.33,2026-07-04T11:07:22
LP000417,L00081,49093.33,2025-11-08T10:27:40
LP000418,L00081,49093.33,2025-12-01T10:27:40
LP000419,L00081,49093.33,2026-01-29T10:27:40
LP000420,L00081,49093.33,2026-03-01T10:27:40
LP000421,L00081,49093.33,2026-04-07T10:27:40
LP000422,L00082,10378.67,2026-03-03T11:10:50
LP000423,L00082,10378.67,2026-03-30T11:10:50
LP000424,L00082,10378.67,2026-05-07T11:10:50
LP000425,L00082,10378.67,2026-06-06T11:10:50
LP000426,L00083,1916.44,2026-02-26T11:39:16
LP000427,L00083,1916.44,2026-04-04T11:39:16
LP000428,L00083,1916.44,2026-05-01T11:39:16
LP000429,L00083,1916.44,2026-06-03T11:39:16
LP000430,L00083,1916.44,2026-07-01T11:39:16
LP000431,L00084,45266.67,2026-06-14T09:45:00
LP000432,L00085,12600.0,2025-08-25T16:30:50
LP000433,L00085,12600.0,2025-09-23T16:30:50
LP000434,L00085,12600.0,2025-10-27T16:30:50
LP000435,L00085,12600.0,2025-11-24T16:30:50
LP000436,L00085,12600.0,2025-12-24T16:30:50
LP000437,L00085,12600.0,2026-01-23T16:30:50
LP000438,L00085,12600.0,2026-02-18T16:30:50
LP000439,L00085,12600.0,2026-03-20T16:30:50
LP000440,L00085,12600.0,2026-04-19T16:30:50
LP000441,L00085,12600.0,2026-06-17T16:30:50
LP000442,L00086,3496.89,2026-06-19T13:55:45
LP000443,L00087,24434.67,2026-05-26T16:17:10
LP000444,L00087,24434.67,2026-06-23T16:17:10
LP000445,L00088,9100.0,2025-11-18T15:48:48
LP000446,L00088,9100.0,2025-12-19T15:48:48
LP000447,L00088,9100.0,2026-01-22T15:48:48
LP000448,L00088,9100.0,2026-03-20T15:48:48
LP000449,L00088,9100.0,2026-04-22T15:48:48
LP000450,L00088,9100.0,2026-06-21T15:48:48
LP000451,L00089,9949.33,2025-12-24T09:12:39
LP000452,L00089,9949.33,2026-01-17T09:12:39
LP000453,L00089,9949.33,2026-02-19T09:12:39
LP000454,L00089,9949.33,2026-03-20T09:12:39
LP000455,L00089,9949.33,2026-04-21T09:12:39
LP000456,L00089,9949.33,2026-05-24T09:12:39
LP000457,L00089,9949.33,2026-06-21T09:12:39
LP000458,L00090,15941.33,2026-02-05T14:38:45
LP000459,L00090,15941.33,2026-03-02T14:38:45
LP000460,L00090,15941.33,2026-04-09T14:38:45
LP000461,L00090,15941.33,2026-06-08T14:38:45
LP000462,L00091,17080.0,2025-10-14T16:47:29
LP000463,L00091,17080.0,2025-11-10T16:47:29
LP000464,L00091,17080.0,2025-12-14T16:47:29
LP000465,L00091,17080.0,2026-01-11T16:47:29
LP000466,L00091,17080.0,2026-02-07T16:47:29
LP000467,L00091,17080.0,2026-04-07T16:47:29
LP000468,L00091,17080.0,2026-05-08T16:47:29
LP000469,L00091,17080.0,2026-06-11T16:47:29
LP000470,L00092,2314.67,2026-04-28T14:01:17
LP000471,L00092,2314.67,2026-05-27T14:01:17
LP000472,L00092,2314.67,2026-06-22T14:01:17
LP000473,L00093,18816.0,2025-12-17T15:00:23
LP000474,L00093,18816.0,2026-01-11T15:00:23
LP000475,L00093,18816.0,2026-02-08T15:00:23
LP000476,L00093,18816.0,2026-03-17T15:00:23
LP000477,L00093,18816.0,2026-04-14T15:00:23
LP000478,L00093,18816.0,2026-05-12T15:00:23
LP000479,L00094,6365.33,2026-01-02T09:38:46
LP000480,L00094,6365.33,2026-03-02T09:38:46
LP000481,L00094,6365.33,2026-04-01T09:38:46
LP000482,L00094,6365.33,2026-05-06T09:38:46
LP000483,L00094,6365.33,2026-06-02T09:38:46
LP000484,L00095,2800.0,2026-06-01T11:49:43
LP000485,L00095,2800.0,2026-06-27T11:49:43
LP000486,L00096,41328.0,2026-05-15T10:33:47
LP000487,L00096,41328.0,2026-06-16T10:33:47
LP000488,L00097,6048.0,2026-06-10T16:54:47
LP000489,L00098,46442.67,2026-04-22T09:09:45
LP000490,L00098,46442.67,2026-05-27T09:09:45
LP000491,L00098,46442.67,2026-06-23T09:09:45
LP000492,L00099,27346.67,2025-08-07T09:25:35
LP000493,L00099,27346.67,2025-10-10T09:25:35
LP000494,L00099,27346.67,2025-11-11T09:25:35
LP000495,L00099,27346.67,2025-12-04T09:25:35
LP000496,L00099,27346.67,2026-01-11T09:25:35
LP000497,L00099,27346.67,2026-02-02T09:25:35
LP000498,L00099,27346.67,2026-03-07T09:25:35
LP000499,L00099,27346.67,2026-04-06T09:25:35
LP000500,L00099,27346.67,2026-05-09T09:25:35
LP000501,L00099,27346.67,2026-06-03T09:25:35
LP000502,L00100,12945.33,2025-12-30T13:27:39
LP000503,L00100,12945.33,2026-01-27T13:27:39
LP000504,L00100,12945.33,2026-02-25T13:27:39
LP000505,L00100,12945.33,2026-05-02T13:27:39
LP000506,L00100,12945.33,2026-05-28T13:27:39
LP000507,L00100,12945.33,2026-06-26T13:27:39
LP000508,L00101,11330.67,2025-12-29T13:30:46
LP000509,L00101,11330.67,2026-01-28T13:30:46
LP000510,L00101,11330.67,2026-02-25T13:30:46
LP000511,L00101,11330.67,2026-04-25T13:30:46
LP000512,L00101,11330.67,2026-05-26T13:30:46
LP000513,L00101,11330.67,2026-06-22T13:30:46
LP000514,L00102,2675.56,2025-11-15T09:23:38
LP000515,L00102,2675.56,2025-12-16T09:23:38
LP000516,L00102,2675.56,2026-01-15T09:23:38
LP000517,L00102,2675.56,2026-02-18T09:23:38
LP000518,L00102,2675.56,2026-03-16T09:23:38
LP000519,L00102,2675.56,2026-04-17T09:23:38
LP000520,L00102,2675.56,2026-05-18T09:23:38
LP000521,L00102,2675.56,2026-06-19T09:23:38
LP000522,L00103,3313.33,2026-06-30T10:10:48
LP000523,L00104,5139.56,2025-08-16T15:34:06
LP000524,L00104,5139.56,2025-09-16T15:34:06
LP000525,L00104,5139.56,2025-10-13T15:34:06
LP000526,L00104,5139.56,2025-11-07T15:34:06
LP000527,L00104,5139.56,2025-12-11T15:34:06
LP000528,L00104,5139.56,2026-02-06T15:34:06
LP000529,L00104,5139.56,2026-03-07T15:34:06
LP000530,L00104,5139.56,2026-04-07T15:34:06
LP000531,L00104,5139.56,2026-05-13T15:34:06
LP000532,L00104,5139.56,2026-06-05T15:34:06
LP000533,L00105,26786.67,2026-05-06T12:24:26
LP000534,L00105,26786.67,2026-06-10T12:24:26
LP000535,L00106,2865.33,2025-10-05T09:53:21
LP000536,L00106,2865.33,2025-11-06T09:53:21
LP000537,L00106,2865.33,2025-12-06T09:53:21
LP000538,L00106,2865.33,2026-01-01T09:53:21
LP000539,L00106,2865.33,2026-02-05T09:53:21
LP000540,L00106,2865.33,2026-03-08T09:53:21
LP000541,L00106,2865.33,2026-04-03T09:53:21
LP000542,L00106,2865.33,2026-05-29T09:53:21
LP000543,L00107,20085.33,2026-02-19T11:39:54
LP000544,L00107,20085.33,2026-03-20T11:39:54
LP000545,L00107,20085.33,2026-04-15T11:39:54
LP000546,L00107,20085.33,2026-05-14T11:39:54
LP000547,L00107,20085.33,2026-06-12T11:39:54
LP000548,L00108,2333.33,2025-09-30T12:36:33
LP000549,L00108,2333.33,2025-10-30T12:36:33
LP000550,L00108,2333.33,2025-11-25T12:36:33
LP000551,L00108,2333.33,2025-12-29T12:36:33
LP000552,L00108,2333.33,2026-01-24T12:36:33
LP000553,L00108,2333.33,2026-02-24T12:36:33
LP000554,L00108,2333.33,2026-03-29T12:36:33
LP000555,L00108,2333.33,2026-04-24T12:36:33
LP000556,L00108,2333.33,2026-05-23T12:36:33
LP000557,L00108,2333.33,2026-06-29T12:36:33
LP000558,L00109,32965.33,2025-10-09T09:13:29
LP000559,L00109,32965.33,2025-11-10T09:13:29
LP000560,L00109,32965.33,2026-01-11T09:13:29
LP000561,L00109,32965.33,2026-02-05T09:13:29
LP000562,L00109,32965.33,2026-03-10T09:13:29
LP000563,L00110,2706.67,2025-10-27T15:59:03
LP000564,L00110,2706.67,2025-11-25T15:59:03
LP000565,L00110,2706.67,2025-12-20T15:59:03
LP000566,L00110,2706.67,2026-01-20T15:59:03
LP000567,L00110,2706.67,2026-02-18T15:59:03
LP000568,L00110,2706.67,2026-03-19T15:59:03
LP000569,L00111,2986.67,2025-08-20T15:36:03
LP000570,L00111,2986.67,2025-09-25T15:36:03
LP000571,L00111,2986.67,2025-10-21T15:36:03
LP000572,L00111,2986.67,2025-11-16T15:36:03
LP000573,L00111,2986.67,2025-12-18T15:36:03
LP000574,L00111,2986.67,2026-01-23T15:36:03
LP000575,L00111,2986.67,2026-02-20T15:36:03
LP000576,L00111,2986.67,2026-03-22T15:36:03
LP000577,L00111,2986.67,2026-04-15T15:36:03
LP000578,L00111,2986.67,2026-05-17T15:36:03
LP000579,L00111,2986.67,2026-06-22T15:36:03
LP000580,L00112,4587.33,2026-05-14T11:41:00
LP000581,L00112,4587.33,2026-06-13T11:41:00
LP000582,L00113,16563.56,2025-09-08T12:52:17
LP000583,L00113,16563.56,2025-10-12T12:52:17
LP000584,L00113,16563.56,2025-12-13T12:52:17
LP000585,L00113,16563.56,2026-01-11T12:52:17
LP000586,L00113,16563.56,2026-02-06T12:52:17
LP000587,L00113,16563.56,2026-03-11T12:52:17
LP000588,L00113,16563.56,2026-04-14T12:52:17
LP000589,L00113,16563.56,2026-05-12T12:52:17
LP000590,L00113,16563.56,2026-06-12T12:52:17
LP000591,L00114,3070.67,2025-09-20T15:38:17
LP000592,L00114,3070.67,2025-10-17T15:38:17
LP000593,L00114,3070.67,2025-11-20T15:38:17
LP000594,L00114,3070.67,2025-12-16T15:38:17
LP000595,L00114,3070.67,2026-02-15T15:38:17
LP000596,L00114,3070.67,2026-03-13T15:38:17
LP000597,L00114,3070.67,2026-04-14T15:38:17
LP000598,L00114,3070.67,2026-05-18T15:38:17
LP000599,L00114,3070.67,2026-06-10T15:38:17
LP000600,L00115,8138.67,2026-05-07T13:28:09
LP000601,L00115,8138.67,2026-06-09T13:28:09
LP000602,L00116,647.11,2026-05-26T12:14:33
LP000603,L00116,647.11,2026-06-29T12:14:33
LP000604,L00117,27682.67,2026-01-18T16:11:22
LP000605,L00117,27682.67,2026-02-17T16:11:22
LP000606,L00117,27682.67,2026-03-22T16:11:22
LP000607,L00117,27682.67,2026-05-16T16:11:22
LP000608,L00117,27682.67,2026-06-15T16:11:22
LP000609,L00118,8414.0,2026-03-08T15:38:46
LP000610,L00118,8414.0,2026-04-02T15:38:46
LP000611,L00118,8414.0,2026-05-06T15:38:46
LP000612,L00118,8414.0,2026-06-02T15:38:46
LP000613,L00119,16619.56,2025-12-10T10:23:01
LP000614,L00119,16619.56,2026-01-02T10:23:01
LP000615,L00119,16619.56,2026-02-09T10:23:01
LP000616,L00119,16619.56,2026-03-05T10:23:01
LP000617,L00119,16619.56,2026-04-10T10:23:01
LP000618,L00119,16619.56,2026-05-02T10:23:01
LP000619,L00119,16619.56,2026-06-09T10:23:01
LP000620,L00120,33936.0,2026-05-24T11:03:59
LP000621,L00120,33936.0,2026-06-18T11:03:59
LP000622,L00121,3524.89,2025-12-09T16:50:12
LP000623,L00121,3524.89,2026-02-02T16:50:12
LP000624,L00121,3524.89,2026-04-05T16:50:12
LP000625,L00121,3524.89,2026-05-05T16:50:12
LP000626,L00121,3524.89,2026-06-04T16:50:12
LP000627,L00122,20328.0,2025-10-11T14:42:45
LP000628,L00122,20328.0,2025-11-13T14:42:45
LP000629,L00122,20328.0,2025-12-07T14:42:45
LP000630,L00122,20328.0,2026-01-05T14:42:45
LP000631,L00122,20328.0,2026-02-04T14:42:45
LP000632,L00122,20328.0,2026-03-12T14:42:45
LP000633,L00122,20328.0,2026-04-11T14:42:45
LP000634,L00122,20328.0,2026-05-10T14:42:45
LP000635,L00122,20328.0,2026-06-04T14:42:45
LP000636,L00123,6085.33,2025-10-21T08:25:25
LP000637,L00123,6085.33,2025-11-21T08:25:25
LP000638,L00123,6085.33,2025-12-15T08:25:25
LP000639,L00123,6085.33,2026-01-18T08:25:25
LP000640,L00123,6085.33,2026-02-11T08:25:25
LP000641,L00123,6085.33,2026-03-18T08:25:25
LP000642,L00123,6085.33,2026-04-18T08:25:25
LP000643,L00123,6085.33,2026-05-12T08:25:25
LP000644,L00123,6085.33,2026-06-14T08:25:25
LP000645,L00124,12329.33,2026-05-23T12:11:40
LP000646,L00125,7939.56,2026-05-22T12:40:50
LP000647,L00125,7939.56,2026-06-28T12:40:50
LP000648,L00126,15512.0,2026-05-21T08:50:57
LP000649,L00126,15512.0,2026-06-22T08:50:57
LP000650,L00127,11461.33,2026-05-02T08:18:25
LP000651,L00127,11461.33,2026-06-01T08:18:25
LP000652,L00128,13906.67,2026-06-19T14:26:21
LP000653,L00129,2725.33,2026-05-15T09:20:35
LP000654,L00129,2725.33,2026-06-06T09:20:35
LP000655,L00130,1787.33,2026-02-13T14:27:08
LP000656,L00130,1787.33,2026-03-18T14:27:08
LP000657,L00130,1787.33,2026-04-12T14:27:08
LP000658,L00130,1787.33,2026-05-12T14:27:08
LP000659,L00130,1787.33,2026-06-15T14:27:08
LP000660,L00131,1213.33,2026-01-24T15:09:02
LP000661,L00131,1213.33,2026-02-28T15:09:02
LP000662,L00131,1213.33,2026-04-29T15:09:02
LP000663,L00131,1213.33,2026-05-27T15:09:02
LP000664,L00131,1213.33,2026-06-28T15:09:02
LP000665,L00132,31154.67,2025-11-01T08:12:07
LP000666,L00132,31154.67,2025-11-27T08:12:07
LP000667,L00132,31154.67,2025-12-26T08:12:07
LP000668,L00132,31154.67,2026-01-26T08:12:07
LP000669,L00132,31154.67,2026-02-26T08:12:07
LP000670,L00132,31154.67,2026-03-27T08:12:07
LP000671,L00133,14976.89,2026-04-30T12:08:24
LP000672,L00133,14976.89,2026-06-06T12:08:24
LP000673,L00134,4246.67,2026-02-20T11:51:35
LP000674,L00134,4246.67,2026-03-17T11:51:35
LP000675,L00134,4246.67,2026-04-23T11:51:35
LP000676,L00134,4246.67,2026-05-22T11:51:35
LP000677,L00134,4246.67,2026-06-18T11:51:35
LP000678,L00135,54786.67,2025-09-01T09:21:26
LP000679,L00135,54786.67,2025-09-26T09:21:26
LP000680,L00135,54786.67,2025-10-29T09:21:26
LP000681,L00135,54786.67,2025-11-30T09:21:26
LP000682,L00135,54786.67,2025-12-31T09:21:26
LP000683,L00135,54786.67,2026-01-26T09:21:26
LP000684,L00136,11890.67,2026-02-01T15:27:33
LP000685,L00136,11890.67,2026-03-08T15:27:33
LP000686,L00136,11890.67,2026-04-07T15:27:33
LP000687,L00136,11890.67,2026-05-02T15:27:33
LP000688,L00136,11890.67,2026-06-02T15:27:33
LP000689,L00137,50232.0,2026-06-25T11:48:14
LP000690,L00138,8910.22,2026-04-13T16:38:11
LP000691,L00138,8910.22,2026-05-16T16:38:11
LP000692,L00138,8910.22,2026-06-15T16:38:11
LP000693,L00139,18274.67,2026-03-04T09:23:12
LP000694,L00139,18274.67,2026-04-06T09:23:12
LP000695,L00139,18274.67,2026-06-07T09:23:12
LP000696,L00140,1048.44,2025-11-14T16:51:26
LP000697,L00140,1048.44,2025-12-11T16:51:26
LP000698,L00140,1048.44,2026-01-17T16:51:26
LP000699,L00140,1048.44,2026-02-10T16:51:26
LP000700,L00140,1048.44,2026-04-11T16:51:26
LP000701,L00140,1048.44,2026-05-11T16:51:26
LP000702,L00141,4410.0,2025-12-07T16:32:43
LP000703,L00141,4410.0,2026-01-04T16:32:43
LP000704,L00141,4410.0,2026-02-02T16:32:43
LP000705,L00141,4410.0,2026-03-04T16:32:43
LP000706,L00141,4410.0,2026-04-05T16:32:43
LP000707,L00141,4410.0,2026-05-03T16:32:43
LP000708,L00141,4410.0,2026-06-06T16:32:43
LP000709,L00142,9121.78,2026-04-20T12:55:10
LP000710,L00142,9121.78,2026-05-19T12:55:10
LP000711,L00142,9121.78,2026-06-19T12:55:10
LP000712,L00143,6156.89,2026-02-13T16:08:56
LP000713,L00143,6156.89,2026-03-13T16:08:56
LP000714,L00143,6156.89,2026-04-09T16:08:56
LP000715,L00143,6156.89,2026-05-06T16:08:56
LP000716,L00143,6156.89,2026-06-11T16:08:56
LP000717,L00144,30221.33,2026-05-19T08:02:51
LP000718,L00144,30221.33,2026-06-15T08:02:51
LP000719,L00145,19525.33,2026-02-27T14:51:13
LP000720,L00145,19525.33,2026-03-23T14:51:13
LP000721,L00145,19525.33,2026-04-23T14:51:13
LP000722,L00145,19525.33,2026-05-24T14:51:13
LP000723,L00145,19525.33,2026-06-27T14:51:13
LP000724,L00146,3873.33,2025-08-05T14:18:29
LP000725,L00146,3873.33,2025-09-03T14:18:29
LP000726,L00146,3873.33,2025-10-01T14:18:29
LP000727,L00146,3873.33,2025-11-28T14:18:29
LP000728,L00146,3873.33,2025-12-30T14:18:29
LP000729,L00146,3873.33,2026-02-03T14:18:29
LP000730,L00146,3873.33,2026-03-03T14:18:29
LP000731,L00146,3873.33,2026-03-30T14:18:29
LP000732,L00146,3873.33,2026-05-02T14:18:29
LP000733,L00146,3873.33,2026-05-27T14:18:29
LP000734,L00146,3873.33,2026-06-30T14:18:29
LP000735,L00147,12908.0,2026-05-19T16:12:44
LP000736,L00147,12908.0,2026-06-22T16:12:44
LP000737,L00148,2050.22,2026-06-11T14:24:39
LP000738,L00149,6657.78,2025-10-12T09:15:56
LP000739,L00149,6657.78,2025-11-10T09:15:56
LP000740,L00149,6657.78,2025-12-10T09:15:56
LP000741,L00149,6657.78,2026-01-08T09:15:56
LP000742,L00149,6657.78,2026-02-07T09:15:56
LP000743,L00149,6657.78,2026-03-12T09:15:56
LP000744,L00149,6657.78,2026-04-06T09:15:56
LP000745,L00149,6657.78,2026-05-06T09:15:56
LP000746,L00149,6657.78,2026-06-05T09:15:56
LP000747,L00150,9426.67,2025-11-01T11:43:16
LP000748,L00150,9426.67,2025-12-03T11:43:16
LP000749,L00150,9426.67,2026-01-03T11:43:16
LP000750,L00150,9426.67,2026-02-06T11:43:16
LP000751,L00150,9426.67,2026-03-04T11:43:16
LP000752,L00150,9426.67,2026-04-03T11:43:16
LP000753,L00150,9426.67,2026-04-29T11:43:16
LP000754,L00150,9426.67,2026-05-30T11:43:16
LP000755,L00151,7392.0,2025-09-11T16:24:49
LP000756,L00151,7392.0,2025-10-12T16:24:49
LP000757,L00151,7392.0,2025-11-04T16:24:49
LP000758,L00151,7392.0,2025-12-11T16:24:49
LP000759,L00151,7392.0,2026-01-06T16:24:49
LP000760,L00151,7392.0,2026-02-09T16:24:49
LP000761,L00151,7392.0,2026-03-05T16:24:49
LP000762,L00151,7392.0,2026-04-05T16:24:49
LP000763,L00151,7392.0,2026-05-06T16:24:49
LP000764,L00151,7392.0,2026-06-08T16:24:49
LP000765,L00152,3882.67,2025-10-05T11:59:36
LP000766,L00152,3882.67,2025-11-02T11:59:36
LP000767,L00152,3882.67,2025-12-08T11:59:36
LP000768,L00152,3882.67,2026-02-03T11:59:36
LP000769,L00152,3882.67,2026-03-08T11:59:36
LP000770,L00152,3882.67,2026-04-07T11:59:36
LP000771,L00152,3882.67,2026-05-05T11:59:36
LP000772,L00152,3882.67,2026-06-03T11:59:36
LP000773,L00153,9039.33,2026-06-19T12:27:26
LP000774,L00154,4536.0,2026-05-22T12:52:37
LP000775,L00155,6738.67,2026-06-07T16:01:11
LP000776,L00156,13141.33,2025-08-02T16:18:36
LP000777,L00156,13141.33,2025-09-01T16:18:36
LP000778,L00156,13141.33,2025-10-04T16:18:36
LP000779,L00156,13141.33,2025-12-04T16:18:36
LP000780,L00156,13141.33,2026-01-03T16:18:36
LP000781,L00156,13141.33,2026-01-28T16:18:36
LP000782,L00156,13141.33,2026-03-04T16:18:36
LP000783,L00156,13141.33,2026-04-01T16:18:36
LP000784,L00156,13141.33,2026-05-04T16:18:36
LP000785,L00156,13141.33,2026-06-01T16:18:36
LP000786,L00157,6116.44,2025-09-15T09:21:23
LP000787,L00157,6116.44,2025-10-18T09:21:23
LP000788,L00157,6116.44,2025-11-16T09:21:23
LP000789,L00157,6116.44,2025-12-17T09:21:23
LP000790,L00157,6116.44,2026-01-12T09:21:23
LP000791,L00157,6116.44,2026-02-12T09:21:23
LP000792,L00157,6116.44,2026-03-14T09:21:23
LP000793,L00157,6116.44,2026-04-16T09:21:23
LP000794,L00157,6116.44,2026-05-16T09:21:23
LP000795,L00157,6116.44,2026-06-07T09:21:23
LP000796,L00159,9271.11,2026-03-14T12:23:19
LP000797,L00159,9271.11,2026-04-15T12:23:19
LP000798,L00159,9271.11,2026-05-07T12:23:19
LP000799,L00159,9271.11,2026-06-13T12:23:19
LP000800,L00160,45173.33,2026-03-28T08:35:53
LP000801,L00160,45173.33,2026-05-01T08:35:53
LP000802,L00160,45173.33,2026-05-30T08:35:53
LP000803,L00160,45173.33,2026-06-27T08:35:53
LP000804,L00161,2529.33,2025-09-02T12:26:55
LP000805,L00161,2529.33,2025-09-28T12:26:55
LP000806,L00161,2529.33,2025-11-01T12:26:55
LP000807,L00161,2529.33,2025-12-02T12:26:55
LP000808,L00161,2529.33,2025-12-29T12:26:55
LP000809,L00161,2529.33,2026-01-27T12:26:55
LP000810,L00161,2529.33,2026-02-24T12:26:55
LP000811,L00161,2529.33,2026-04-01T12:26:55
LP000812,L00161,2529.33,2026-04-29T12:26:55
LP000813,L00161,2529.33,2026-05-29T12:26:55
LP000814,L00161,2529.33,2026-06-26T12:26:55
LP000815,L00162,14326.67,2025-10-31T14:57:33
LP000816,L00162,14326.67,2025-11-27T14:57:33
LP000817,L00162,14326.67,2025-12-24T14:57:33
LP000818,L00162,14326.67,2026-01-23T14:57:33
LP000819,L00162,14326.67,2026-03-01T14:57:33
LP000820,L00162,14326.67,2026-04-23T14:57:33
LP000821,L00162,14326.67,2026-05-28T14:57:33
LP000822,L00162,14326.67,2026-06-30T14:57:33
LP000823,L00163,2762.67,2025-12-11T10:00:25
LP000824,L00163,2762.67,2026-01-14T10:00:25
LP000825,L00163,2762.67,2026-02-16T10:00:25
LP000826,L00163,2762.67,2026-03-12T10:00:25
LP000827,L00163,2762.67,2026-04-11T10:00:25
LP000828,L00163,2762.67,2026-05-17T10:00:25
LP000829,L00164,8012.67,2025-10-15T15:42:56
LP000830,L00164,8012.67,2025-11-18T15:42:56
LP000831,L00164,8012.67,2025-12-15T15:42:56
LP000832,L00164,8012.67,2026-01-19T15:42:56
LP000833,L00164,8012.67,2026-02-13T15:42:56
LP000834,L00164,8012.67,2026-03-20T15:42:56
LP000835,L00164,8012.67,2026-04-21T15:42:56
LP000836,L00164,8012.67,2026-05-18T15:42:56
LP000837,L00164,8012.67,2026-06-12T15:42:56
LP000838,L00165,1152.67,2026-05-23T08:23:26
LP000839,L00165,1152.67,2026-06-17T08:23:26
LP000840,L00166,5587.56,2026-05-29T08:40:59
LP000841,L00166,5587.56,2026-07-03T08:40:59
LP000842,L00167,13682.67,2026-04-01T14:29:48
LP000843,L00167,13682.67,2026-05-01T14:29:48
LP000844,L00167,13682.67,2026-06-26T14:29:48
LP000845,L00168,3120.44,2026-01-10T13:15:52
LP000846,L00168,3120.44,2026-02-09T13:15:52
LP000847,L00168,3120.44,2026-03-16T13:15:52
LP000848,L00168,3120.44,2026-04-15T13:15:52
LP000849,L00168,3120.44,2026-05-10T13:15:52
LP000850,L00168,3120.44,2026-06-12T13:15:52
LP000851,L00169,1337.78,2026-02-22T14:27:26
LP000852,L00169,1337.78,2026-03-25T14:27:26
LP000853,L00169,1337.78,2026-04-23T14:27:26
LP000854,L00169,1337.78,2026-05-24T14:27:26
LP000855,L00169,1337.78,2026-06-21T14:27:26
LP000856,L00170,13547.33,2025-10-31T12:22:23
LP000857,L00170,13547.33,2025-11-30T12:22:23
LP000858,L00170,13547.33,2025-12-25T12:22:23
LP000859,L00170,13547.33,2026-01-28T12:22:23
LP000860,L00170,13547.33,2026-03-31T12:22:23
LP000861,L00170,13547.33,2026-04-26T12:22:23
LP000862,L00170,13547.33,2026-05-24T12:22:23
LP000863,L00170,13547.33,2026-06-24T12:22:23
LP000864,L00171,16884.0,2026-03-12T16:06:50
LP000865,L00171,16884.0,2026-04-09T16:06:50
LP000866,L00171,16884.0,2026-05-05T16:06:50
LP000867,L00171,16884.0,2026-06-03T16:06:50
LP000868,L00172,55608.0,2025-09-27T16:21:39
LP000869,L00172,55608.0,2025-11-02T16:21:39
LP000870,L00172,55608.0,2025-11-24T16:21:39
LP000871,L00172,55608.0,2025-12-28T16:21:39
LP000872,L00172,55608.0,2026-01-24T16:21:39
LP000873,L00172,55608.0,2026-03-01T16:21:39
LP000874,L00173,20664.0,2026-03-21T11:50:33
LP000875,L00173,20664.0,2026-04-16T11:50:33
LP000876,L00173,20664.0,2026-05-19T11:50:33
LP000877,L00173,20664.0,2026-06-16T11:50:33
LP000878,L00174,12978.0,2026-05-22T08:55:41
LP000879,L00174,12978.0,2026-06-18T08:55:41
LP000880,L00175,7995.56,2026-02-26T11:41:28
LP000881,L00175,7995.56,2026-03-26T11:41:28
LP000882,L00175,7995.56,2026-04-23T11:41:28
LP000883,L00175,7995.56,2026-05-23T11:41:28
LP000884,L00175,7995.56,2026-06-22T11:41:28
LP000885,L00176,13272.0,2026-05-05T13:33:02
LP000886,L00176,13272.0,2026-06-07T13:33:02
LP000887,L00177,34944.0,2025-12-07T11:30:40
LP000888,L00177,34944.0,2026-01-04T11:30:40
LP000889,L00177,34944.0,2026-02-08T11:30:40
LP000890,L00177,34944.0,2026-03-07T11:30:40
LP000891,L00177,34944.0,2026-04-08T11:30:40
LP000892,L00177,34944.0,2026-05-11T11:30:40
LP000893,L00178,46069.33,2026-04-11T15:52:35
LP000894,L00178,46069.33,2026-05-12T15:52:35
LP000895,L00179,17061.33,2026-01-29T13:16:04
LP000896,L00179,17061.33,2026-03-04T13:16:04
LP000897,L00179,17061.33,2026-04-02T13:16:04
LP000898,L00179,17061.33,2026-04-29T13:16:04
LP000899,L00179,17061.33,2026-06-06T13:16:04
LP000900,L00180,4231.11,2026-01-04T11:01:15
LP000901,L00180,4231.11,2026-02-04T11:01:15
LP000902,L00180,4231.11,2026-03-09T11:01:15
LP000903,L00180,4231.11,2026-04-06T11:01:15
LP000904,L00180,4231.11,2026-05-12T11:01:15
LP000905,L00180,4231.11,2026-06-11T11:01:15
LP000906,L00181,7042.0,2025-09-21T15:26:17
LP000907,L00181,7042.0,2025-10-21T15:26:17
LP000908,L00181,7042.0,2025-11-22T15:26:17
LP000909,L00181,7042.0,2025-12-17T15:26:17
LP000910,L00181,7042.0,2026-01-21T15:26:17
LP000911,L00181,7042.0,2026-02-19T15:26:17
LP000912,L00181,7042.0,2026-03-20T15:26:17
LP000913,L00181,7042.0,2026-05-16T15:26:17
LP000914,L00181,7042.0,2026-06-18T15:26:17
LP000915,L00182,541.33,2026-05-06T12:53:36
LP000916,L00182,541.33,2026-05-29T12:53:36
LP000917,L00182,541.33,2026-07-03T12:53:36
LP000918,L00183,3089.33,2025-07-31T16:59:32
LP000919,L00183,3089.33,2025-08-30T16:59:32
LP000920,L00183,3089.33,2025-10-03T16:59:32
LP000921,L00183,3089.33,2025-10-26T16:59:32
LP000922,L00183,3089.33,2025-11-25T16:59:32
LP000923,L00183,3089.33,2025-12-29T16:59:32
LP000924,L00183,3089.33,2026-02-01T16:59:32
LP000925,L00183,3089.33,2026-02-23T16:59:32
LP000926,L00183,3089.33,2026-03-28T16:59:32
LP000927,L00183,3089.33,2026-04-25T16:59:32
LP000928,L00183,3089.33,2026-05-29T16:59:32
LP000929,L00183,3089.33,2026-06-25T16:59:32
LP000930,L00184,28690.67,2026-02-19T13:20:01
LP000931,L00184,28690.67,2026-03-20T13:20:01
LP000932,L00184,28690.67,2026-04-20T13:20:01
LP000933,L00184,28690.67,2026-05-18T13:20:01
LP000934,L00184,28690.67,2026-06-25T13:20:01
LP000935,L00185,53125.33,2026-06-13T11:56:58
LP000936,L00186,7438.67,2025-11-30T12:04:29
LP000937,L00186,7438.67,2026-01-04T12:04:29
LP000938,L00186,7438.67,2026-02-03T12:04:29
LP000939,L00186,7438.67,2026-03-01T12:04:29
LP000940,L00186,7438.67,2026-04-01T12:04:29
LP000941,L00186,7438.67,2026-05-04T12:04:29
LP000942,L00186,7438.67,2026-06-03T12:04:29
LP000943,L00187,10943.33,2026-02-19T10:54:55
LP000944,L00187,10943.33,2026-04-24T10:54:55
LP000945,L00187,10943.33,2026-05-23T10:54:55
LP000946,L00187,10943.33,2026-06-27T10:54:55
LP000947,L00188,7843.11,2025-12-04T12:14:04
LP000948,L00188,7843.11,2025-12-26T12:14:04
LP000949,L00188,7843.11,2026-01-25T12:14:04
LP000950,L00188,7843.11,2026-03-03T12:14:04
LP000951,L00188,7843.11,2026-03-30T12:14:04
LP000952,L00188,7843.11,2026-04-30T12:14:04
LP000953,L00188,7843.11,2026-05-26T12:14:04
LP000954,L00188,7843.11,2026-06-25T12:14:04
LP000955,L00189,1549.33,2025-11-24T11:24:21
LP000956,L00189,1549.33,2025-12-24T11:24:21
LP000957,L00189,1549.33,2026-01-28T11:24:21
LP000958,L00189,1549.33,2026-03-25T11:24:21
LP000959,L00189,1549.33,2026-04-20T11:24:21
LP000960,L00189,1549.33,2026-05-28T11:24:21
LP000961,L00189,1549.33,2026-06-19T11:24:21
LP000962,L00190,6928.44,2026-03-17T09:24:24
LP000963,L00190,6928.44,2026-04-19T09:24:24
LP000964,L00190,6928.44,2026-05-22T09:24:24
LP000965,L00190,6928.44,2026-06-15T09:24:24
LP000966,L00191,16034.67,2026-02-10T08:50:52
LP000967,L00191,16034.67,2026-03-11T08:50:52
LP000968,L00191,16034.67,2026-04-14T08:50:52
LP000969,L00191,16034.67,2026-05-10T08:50:52
LP000970,L00191,16034.67,2026-06-16T08:50:52
LP000971,L00192,3487.56,2025-08-06T09:37:05
LP000972,L00192,3487.56,2025-09-04T09:37:05
LP000973,L00192,3487.56,2025-10-31T09:37:05
LP000974,L00192,3487.56,2025-11-30T09:37:05
LP000975,L00192,3487.56,2026-01-03T09:37:05
LP000976,L00192,3487.56,2026-01-28T09:37:05
LP000977,L00192,3487.56,2026-03-05T09:37:05
LP000978,L00192,3487.56,2026-03-28T09:37:05
LP000979,L00192,3487.56,2026-05-02T09:37:05
LP000980,L00192,3487.56,2026-05-27T09:37:05
LP000981,L00192,3487.56,2026-06-26T09:37:05
LP000982,L00193,29288.0,2026-06-25T12:37:26
LP000983,L00194,6080.67,2025-11-21T08:05:20
LP000984,L00194,6080.67,2026-01-19T08:05:20
LP000985,L00194,6080.67,2026-02-18T08:05:20
LP000986,L00194,6080.67,2026-03-20T08:05:20
LP000987,L00194,6080.67,2026-04-19T08:05:20
LP000988,L00194,6080.67,2026-05-14T08:05:20
LP000989,L00194,6080.67,2026-06-16T08:05:20
LP000990,L00195,11806.67,2026-02-08T09:46:18
LP000991,L00195,11806.67,2026-03-07T09:46:18
LP000992,L00195,11806.67,2026-04-07T09:46:18
LP000993,L00195,11806.67,2026-05-04T09:46:18
LP000994,L00195,11806.67,2026-06-05T09:46:18
LP000995,L00196,3167.11,2025-10-26T12:59:04
LP000996,L00196,3167.11,2025-11-19T12:59:04
LP000997,L00196,3167.11,2025-12-25T12:59:04
LP000998,L00196,3167.11,2026-01-17T12:59:04
LP000999,L00196,3167.11,2026-02-21T12:59:04
LP001000,L00196,3167.11,2026-03-24T12:59:04
LP001001,L00196,3167.11,2026-04-18T12:59:04
LP001002,L00196,3167.11,2026-05-19T12:59:04
LP001003,L00196,3167.11,2026-06-23T12:59:04
LP001004,L00197,19432.0,2026-05-06T15:47:41
LP001005,L00198,5768.0,2025-09-13T15:44:08
LP001006,L00198,5768.0,2025-10-11T15:44:08
LP001007,L00198,5768.0,2025-11-14T15:44:08
LP001008,L00198,5768.0,2025-12-14T15:44:08
LP001009,L00198,5768.0,2026-01-14T15:44:08
LP001010,L00198,5768.0,2026-02-08T15:44:08
LP001011,L00199,815.11,2025-11-04T08:52:54
LP001012,L00199,815.11,2025-12-01T08:52:54
LP001013,L00199,815.11,2026-01-04T08:52:54
LP001014,L00199,815.11,2026-02-01T08:52:54
LP001015,L00199,815.11,2026-03-07T08:52:54
LP001016,L00199,815.11,2026-04-06T08:52:54
LP001017,L00199,815.11,2026-05-03T08:52:54
LP001018,L00200,11722.67,2026-03-15T15:40:25
LP001019,L00200,11722.67,2026-04-16T15:40:25
LP001020,L00200,11722.67,2026-05-09T15:40:25
LP001021,L00200,11722.67,2026-06-10T15:40:25
LP001022,L00201,5836.44,2026-04-14T14:51:06
LP001023,L00201,5836.44,2026-05-14T14:51:06
LP001024,L00201,5836.44,2026-06-11T14:51:06
LP001025,L00202,11878.22,2026-05-10T09:12:47
LP001026,L00202,11878.22,2026-06-14T09:12:47
LP001027,L00203,38397.33,2026-01-03T15:54:45
LP001028,L00203,38397.33,2026-02-28T15:54:45
LP001029,L00203,38397.33,2026-04-04T15:54:45
LP001030,L00204,15400.0,2026-01-23T10:01:31
LP001031,L00204,15400.0,2026-02-25T10:01:31
LP001032,L00204,15400.0,2026-03-31T10:01:31
LP001033,L00204,15400.0,2026-04-29T10:01:31
LP001034,L00204,15400.0,2026-05-28T10:01:31
LP001035,L00204,15400.0,2026-06-24T10:01:31
LP001036,L00205,10845.33,2026-06-14T10:23:24
LP001037,L00206,40077.33,2025-09-11T15:44:31
LP001038,L00206,40077.33,2025-10-06T15:44:31
LP001039,L00206,40077.33,2025-11-09T15:44:31
LP001040,L00206,40077.33,2025-12-10T15:44:31
LP001041,L00206,40077.33,2026-01-05T15:44:31
LP001042,L00206,40077.33,2026-02-04T15:44:31
LP001043,L00207,33637.33,2025-12-22T15:13:59
LP001044,L00207,33637.33,2026-01-25T15:13:59
LP001045,L00207,33637.33,2026-02-21T15:13:59
LP001046,L00207,33637.33,2026-04-21T15:13:59
LP001047,L00207,33637.33,2026-05-24T15:13:59
LP001048,L00208,3179.56,2026-01-27T10:22:58
LP001049,L00208,3179.56,2026-03-04T10:22:58
LP001050,L00208,3179.56,2026-04-01T10:22:58
LP001051,L00208,3179.56,2026-04-28T10:22:58
LP001052,L00208,3179.56,2026-05-31T10:22:58
LP001053,L00208,3179.56,2026-06-30T10:22:58
LP001054,L00209,17696.0,2026-01-28T09:40:24
LP001055,L00209,17696.0,2026-02-25T09:40:24
LP001056,L00209,17696.0,2026-03-27T09:40:24
LP001057,L00209,17696.0,2026-04-29T09:40:24
LP001058,L00209,17696.0,2026-05-23T09:40:24
LP001059,L00209,17696.0,2026-06-30T09:40:24
LP001060,L00210,5634.22,2026-01-23T13:41:07
LP001061,L00210,5634.22,2026-02-17T13:41:07
LP001062,L00210,5634.22,2026-03-19T13:41:07
LP001063,L00210,5634.22,2026-04-21T13:41:07
LP001064,L00210,5634.22,2026-05-25T13:41:07
LP001065,L00210,5634.22,2026-06-17T13:41:07
LP001066,L00211,15484.0,2026-06-22T15:59:50
LP001067,L00212,5222.0,2025-11-15T15:10:36
LP001068,L00212,5222.0,2025-12-18T15:10:36
LP001069,L00212,5222.0,2026-01-17T15:10:36
LP001070,L00212,5222.0,2026-02-16T15:10:36
LP001071,L00212,5222.0,2026-04-18T15:10:36
LP001072,L00212,5222.0,2026-05-14T15:10:36
LP001073,L00213,3179.56,2026-02-15T12:36:32
LP001074,L00213,3179.56,2026-03-16T12:36:32
LP001075,L00213,3179.56,2026-04-09T12:36:32
LP001076,L00213,3179.56,2026-05-13T12:36:32
LP001077,L00213,3179.56,2026-06-11T12:36:32
LP001078,L00214,25461.33,2025-11-27T10:18:13
LP001079,L00214,25461.33,2025-12-26T10:18:13
LP001080,L00214,25461.33,2026-01-27T10:18:13
LP001081,L00214,25461.33,2026-02-26T10:18:13
LP001082,L00214,25461.33,2026-04-01T10:18:13
LP001083,L00215,2989.78,2026-03-27T11:43:23
LP001084,L00215,2989.78,2026-04-22T11:43:23
LP001085,L00215,2989.78,2026-05-23T11:43:23
LP001086,L00215,2989.78,2026-06-18T11:43:23
LP001087,L00216,24416.0,2025-09-05T14:31:41
LP001088,L00216,24416.0,2025-10-05T14:31:41
LP001089,L00216,24416.0,2025-11-05T14:31:41
LP001090,L00216,24416.0,2025-12-11T14:31:41
LP001091,L00216,24416.0,2026-02-05T14:31:41
LP001092,L00216,24416.0,2026-03-07T14:31:41
LP001093,L00216,24416.0,2026-06-06T14:31:41
LP001094,L00217,10714.67,2025-11-28T10:01:52
LP001095,L00217,10714.67,2025-12-29T10:01:52
LP001096,L00217,10714.67,2026-02-26T10:01:52
LP001097,L00217,10714.67,2026-04-05T10:01:52
LP001098,L00217,10714.67,2026-04-30T10:01:52
LP001099,L00218,1023.56,2025-12-05T10:42:15
LP001100,L00218,1023.56,2025-12-27T10:42:15
LP001101,L00218,1023.56,2026-01-28T10:42:15
LP001102,L00218,1023.56,2026-02-27T10:42:15
LP001103,L00218,1023.56,2026-04-01T10:42:15
LP001104,L00218,1023.56,2026-05-01T10:42:15
LP001105,L00218,1023.56,2026-05-29T10:42:15
LP001106,L00218,1023.56,2026-06-28T10:42:15
LP001107,L00219,3285.33,2025-11-10T14:54:26
LP001108,L00219,3285.33,2026-01-08T14:54:26
LP001109,L00219,3285.33,2026-03-11T14:54:26
LP001110,L00219,3285.33,2026-04-08T14:54:26
LP001111,L00219,3285.33,2026-05-06T14:54:26
LP001112,L00219,3285.33,2026-06-08T14:54:26
LP001113,L00220,8403.11,2026-03-05T14:02:10
LP001114,L00220,8403.11,2026-04-05T14:02:10
LP001115,L00220,8403.11,2026-05-09T14:02:10
LP001116,L00220,8403.11,2026-06-07T14:02:10
LP001117,L00221,5735.33,2026-02-09T13:44:43
LP001118,L00221,5735.33,2026-04-07T13:44:43
LP001119,L00221,5735.33,2026-05-08T13:44:43
LP001120,L00221,5735.33,2026-06-06T13:44:43
LP001121,L00222,19581.33,2025-08-17T16:37:11
LP001122,L00222,19581.33,2025-09-10T16:37:11
LP001123,L00222,19581.33,2025-11-08T16:37:11
LP001124,L00222,19581.33,2025-12-08T16:37:11
LP001125,L00222,19581.33,2026-01-12T16:37:11
LP001126,L00222,19581.33,2026-02-13T16:37:11
LP001127,L00222,19581.33,2026-03-15T16:37:11
LP001128,L00222,19581.33,2026-04-11T16:37:11
LP001129,L00222,19581.33,2026-06-13T16:37:11
LP001130,L00223,3098.67,2026-04-28T09:53:20
LP001131,L00223,3098.67,2026-06-27T09:53:20
LP001132,L00224,765.33,2026-04-03T14:58:56
LP001133,L00224,765.33,2026-05-06T14:58:56
LP001134,L00224,765.33,2026-06-06T14:58:56
LP001135,L00225,25302.67,2025-11-27T13:22:03
LP001136,L00225,25302.67,2025-12-28T13:22:03
LP001137,L00225,25302.67,2026-01-27T13:22:03
LP001138,L00225,25302.67,2026-02-25T13:22:03
LP001139,L00225,25302.67,2026-03-26T13:22:03
LP001140,L00225,25302.67,2026-04-26T13:22:03
LP001141,L00225,25302.67,2026-05-25T13:22:03
LP001142,L00225,25302.67,2026-07-01T13:22:03
LP001143,L00226,1123.11,2026-03-31T10:49:32
LP001144,L00226,1123.11,2026-05-01T10:49:32
LP001145,L00226,1123.11,2026-05-26T10:49:32
LP001146,L00226,1123.11,2026-06-23T10:49:32
LP001147,L00227,4881.33,2026-02-24T08:23:24
LP001148,L00227,4881.33,2026-03-28T08:23:24
LP001149,L00227,4881.33,2026-05-26T08:23:24
LP001150,L00227,4881.33,2026-06-25T08:23:24
LP001151,L00228,7980.0,2025-11-15T08:06:47
LP001152,L00228,7980.0,2025-12-13T08:06:47
LP001153,L00228,7980.0,2026-01-19T08:06:47
LP001154,L00228,7980.0,2026-02-16T08:06:47
LP001155,L00228,7980.0,2026-03-20T08:06:47
LP001156,L00228,7980.0,2026-04-17T08:06:47
LP001157,L00228,7980.0,2026-05-13T08:06:47
LP001158,L00228,7980.0,2026-06-13T08:06:47
LP001159,L00229,5133.33,2026-01-11T09:21:27
LP001160,L00229,5133.33,2026-02-09T09:21:27
LP001161,L00229,5133.33,2026-03-14T09:21:27
LP001162,L00229,5133.33,2026-04-09T09:21:27
LP001163,L00229,5133.33,2026-05-16T09:21:27
LP001164,L00229,5133.33,2026-06-16T09:21:27
LP001165,L00230,9753.33,2026-03-30T10:18:16
LP001166,L00230,9753.33,2026-04-30T10:18:16
LP001167,L00230,9753.33,2026-06-02T10:18:16
LP001168,L00231,22232.0,2025-11-20T15:23:14
LP001169,L00231,22232.0,2025-12-28T15:23:14
LP001170,L00231,22232.0,2026-01-19T15:23:14
LP001171,L00231,22232.0,2026-02-22T15:23:14
LP001172,L00231,22232.0,2026-03-22T15:23:14
LP001173,L00231,22232.0,2026-04-20T15:23:14
LP001174,L00232,11486.22,2025-09-11T11:56:18
LP001175,L00232,11486.22,2025-10-17T11:56:18
LP001176,L00232,11486.22,2025-11-12T11:56:18
LP001177,L00232,11486.22,2025-12-08T11:56:18
LP001178,L00232,11486.22,2026-01-14T11:56:18
LP001179,L00232,11486.22,2026-02-09T11:56:18
LP001180,L00232,11486.22,2026-03-15T11:56:18
LP001181,L00232,11486.22,2026-04-10T11:56:18
LP001182,L00232,11486.22,2026-05-13T11:56:18
LP001183,L00232,11486.22,2026-06-12T11:56:18
LP001184,L00233,5002.67,2025-09-23T16:28:53
LP001185,L00233,5002.67,2025-10-20T16:28:53
LP001186,L00233,5002.67,2025-11-16T16:28:53
LP001187,L00233,5002.67,2025-12-24T16:28:53
LP001188,L00233,5002.67,2026-01-23T16:28:53
LP001189,L00233,5002.67,2026-02-22T16:28:53
LP001190,L00234,1042.22,2025-11-10T08:42:31
LP001191,L00234,1042.22,2025-12-13T08:42:31
LP001192,L00234,1042.22,2026-01-09T08:42:31
LP001193,L00234,1042.22,2026-02-09T08:42:31
LP001194,L00234,1042.22,2026-03-13T08:42:31
LP001195,L00234,1042.22,2026-04-10T08:42:31
LP001196,L00234,1042.22,2026-05-07T08:42:31
LP001197,L00234,1042.22,2026-06-07T08:42:31
LP001198,L00235,5724.44,2026-03-12T16:11:50
LP001199,L00235,5724.44,2026-04-04T16:11:50
LP001200,L00235,5724.44,2026-05-07T16:11:50
LP001201,L00235,5724.44,2026-06-06T16:11:50
LP001202,L00236,27860.0,2025-11-03T15:19:05
LP001203,L00236,27860.0,2025-12-05T15:19:05
LP001204,L00236,27860.0,2026-01-01T15:19:05
LP001205,L00236,27860.0,2026-01-31T15:19:05
LP001206,L00236,27860.0,2026-03-05T15:19:05
LP001207,L00236,27860.0,2026-04-01T15:19:05
LP001208,L00236,27860.0,2026-05-01T15:19:05
LP001209,L00236,27860.0,2026-06-07T15:19:05
LP001210,L00237,1437.33,2025-11-14T11:59:42
LP001211,L00237,1437.33,2025-12-17T11:59:42
LP001212,L00237,1437.33,2026-01-09T11:59:42
LP001213,L00237,1437.33,2026-02-12T11:59:42
LP001214,L00237,1437.33,2026-03-14T11:59:42
LP001215,L00237,1437.33,2026-04-10T11:59:42
LP001216,L00237,1437.33,2026-06-08T11:59:42
LP001217,L00238,6800.89,2026-02-16T09:17:27
LP001218,L00238,6800.89,2026-04-21T09:17:27
LP001219,L00238,6800.89,2026-05-14T09:17:27
LP001220,L00239,1656.67,2026-04-01T12:14:47
LP001221,L00239,1656.67,2026-05-07T12:14:47
LP001222,L00239,1656.67,2026-06-03T12:14:47
LP001223,L00240,527.33,2026-06-16T09:40:26
LP001224,L00241,6800.89,2026-02-15T12:16:24
LP001225,L00241,6800.89,2026-03-20T12:16:24
LP001226,L00241,6800.89,2026-04-19T12:16:24
LP001227,L00241,6800.89,2026-05-21T12:16:24
LP001228,L00241,6800.89,2026-06-17T12:16:24
LP001229,L00242,55290.67,2026-04-03T08:26:59
LP001230,L00242,55290.67,2026-06-06T08:26:59
LP001231,L00243,970.67,2026-06-05T10:08:53
LP001232,L00244,4368.0,2026-05-23T12:19:00
LP001233,L00244,4368.0,2026-06-24T12:19:00
LP001234,L00245,23800.0,2026-03-04T12:51:00
LP001235,L00245,23800.0,2026-04-04T12:51:00
LP001236,L00245,23800.0,2026-06-02T12:51:00
LP001237,L00245,23800.0,2026-06-30T12:51:00
LP001238,L00246,2230.67,2025-09-20T13:48:12
LP001239,L00246,2230.67,2025-10-14T13:48:12
LP001240,L00246,2230.67,2025-11-19T13:48:12
LP001241,L00246,2230.67,2025-12-13T13:48:12
LP001242,L00246,2230.67,2026-01-18T13:48:12
LP001243,L00246,2230.67,2026-02-16T13:48:12
LP001244,L00246,2230.67,2026-03-12T13:48:12
LP001245,L00246,2230.67,2026-04-12T13:48:12
LP001246,L00246,2230.67,2026-05-16T13:48:12
LP001247,L00246,2230.67,2026-06-10T13:48:12
LP001248,L00247,20206.67,2025-10-09T16:58:45
LP001249,L00247,20206.67,2025-11-07T16:58:45
LP001250,L00247,20206.67,2025-12-15T16:58:45
LP001251,L00247,20206.67,2026-01-11T16:58:45
LP001252,L00247,20206.67,2026-02-12T16:58:45
LP001253,L00247,20206.67,2026-03-14T16:58:45
LP001254,L00247,20206.67,2026-04-12T16:58:45
LP001255,L00247,20206.67,2026-05-10T16:58:45
LP001256,L00247,20206.67,2026-06-09T16:58:45
LP001257,L00248,1334.67,2026-06-13T10:18:30
LP001258,L00249,21998.67,2026-04-07T09:13:59
LP001259,L00249,21998.67,2026-05-14T09:13:59
LP001260,L00249,21998.67,2026-06-14T09:13:59
LP001261,L00250,43008.0,2025-10-23T14:03:42
LP001262,L00250,43008.0,2025-12-26T14:03:42
LP001263,L00250,43008.0,2026-02-22T14:03:42
LP001264,L00251,7416.89,2026-02-13T15:21:19
LP001265,L00251,7416.89,2026-03-19T15:21:19
LP001266,L00251,7416.89,2026-04-21T15:21:19
LP001267,L00251,7416.89,2026-05-18T15:21:19
LP001268,L00251,7416.89,2026-06-19T15:21:19
LP001269,L00252,18355.56,2026-02-03T13:37:30
LP001270,L00252,18355.56,2026-02-28T13:37:30
LP001271,L00252,18355.56,2026-04-04T13:37:30
LP001272,L00252,18355.56,2026-05-03T13:37:30
LP001273,L00252,18355.56,2026-05-31T13:37:30
LP001274,L00253,1841.78,2026-06-27T14:33:29
LP001275,L00254,14566.22,2026-05-20T13:32:03
LP001276,L00254,14566.22,2026-06-25T13:32:03
LP001277,L00255,9364.44,2025-11-10T08:03:14
LP001278,L00255,9364.44,2025-12-12T08:03:14
LP001279,L00255,9364.44,2026-01-08T08:03:14
LP001280,L00255,9364.44,2026-02-02T08:03:14
LP001281,L00255,9364.44,2026-03-10T08:03:14
LP001282,L00255,9364.44,2026-04-06T08:03:14
LP001283,L00255,9364.44,2026-05-04T08:03:14
LP001284,L00255,9364.44,2026-06-02T08:03:14
LP001285,L00256,17098.67,2025-08-24T09:47:24
LP001286,L00256,17098.67,2025-09-18T09:47:24
LP001287,L00256,17098.67,2025-10-23T09:47:24
LP001288,L00256,17098.67,2025-11-21T09:47:24
LP001289,L00256,17098.67,2025-12-18T09:47:24
LP001290,L00256,17098.67,2026-01-21T09:47:24
LP001291,L00256,17098.67,2026-02-17T09:47:24
LP001292,L00256,17098.67,2026-03-15T09:47:24
LP001293,L00256,17098.67,2026-04-16T09:47:24
LP001294,L00256,17098.67,2026-05-17T09:47:24
LP001295,L00256,17098.67,2026-06-20T09:47:24
LP001296,L00257,11606.0,2025-09-10T09:03:56
LP001297,L00257,11606.0,2025-10-12T09:03:56
LP001298,L00257,11606.0,2025-11-11T09:03:56
LP001299,L00257,11606.0,2025-12-16T09:03:56
LP001300,L00257,11606.0,2026-01-08T09:03:56
LP001301,L00257,11606.0,2026-02-12T09:03:56
LP001302,L00257,11606.0,2026-03-14T09:03:56
LP001303,L00257,11606.0,2026-04-13T09:03:56
LP001304,L00257,11606.0,2026-05-07T09:03:56
LP001305,L00257,11606.0,2026-06-10T09:03:56
LP001306,L00258,6458.67,2025-08-21T09:17:38
LP001307,L00258,6458.67,2025-09-17T09:17:38
LP001308,L00258,6458.67,2025-10-23T09:17:38
LP001309,L00258,6458.67,2025-11-20T09:17:38
LP001310,L00258,6458.67,2025-12-20T09:17:38
LP001311,L00258,6458.67,2026-01-14T09:17:38
LP001312,L00259,4172.0,2026-05-16T09:27:39
LP001313,L00259,4172.0,2026-06-11T09:27:39
LP001314,L00260,9151.33,2026-05-03T13:24:22
LP001315,L00260,9151.33,2026-06-05T13:24:22
LP001316,L00261,53685.33,2025-10-16T11:38:42
LP001317,L00261,53685.33,2025-11-17T11:38:42
LP001318,L00261,53685.33,2025-12-10T11:38:42
LP001319,L00261,53685.33,2026-01-12T11:38:42
LP001320,L00261,53685.33,2026-02-12T11:38:42
LP001321,L00262,3831.33,2026-05-11T08:13:40
LP001322,L00262,3831.33,2026-06-09T08:13:40
LP001323,L00263,3005.33,2026-02-25T09:43:05
LP001324,L00263,3005.33,2026-03-26T09:43:05
LP001325,L00263,3005.33,2026-04-18T09:43:05
LP001326,L00263,3005.33,2026-05-23T09:43:05
LP001327,L00264,3851.56,2025-08-07T10:38:26
LP001328,L00264,3851.56,2025-09-11T10:38:26
LP001329,L00264,3851.56,2025-10-10T10:38:26
LP001330,L00264,3851.56,2025-11-02T10:38:26
LP001331,L00264,3851.56,2025-12-02T10:38:26
LP001332,L00264,3851.56,2026-01-09T10:38:26
LP001333,L00264,3851.56,2026-02-02T10:38:26
LP001334,L00264,3851.56,2026-03-09T10:38:26
LP001335,L00264,3851.56,2026-04-08T10:38:26
LP001336,L00264,3851.56,2026-05-06T10:38:26
LP001337,L00264,3851.56,2026-06-02T10:38:26
LP001338,L00265,2078.22,2025-10-10T13:38:18
LP001339,L00265,2078.22,2025-11-12T13:38:18
LP001340,L00265,2078.22,2025-12-12T13:38:18
LP001341,L00265,2078.22,2026-01-08T13:38:18
LP001342,L00265,2078.22,2026-02-04T13:38:18
LP001343,L00265,2078.22,2026-03-08T13:38:18
LP001344,L00265,2078.22,2026-05-07T13:38:18
LP001345,L00265,2078.22,2026-06-10T13:38:18
LP001346,L00266,9053.33,2026-06-29T16:01:43
LP001347,L00267,7914.67,2025-09-20T08:12:49
LP001348,L00267,7914.67,2025-10-17T08:12:49
LP001349,L00267,7914.67,2025-11-13T08:12:49
LP001350,L00267,7914.67,2025-12-18T08:12:49
LP001351,L00267,7914.67,2026-01-16T08:12:49
LP001352,L00267,7914.67,2026-02-14T08:12:49
LP001353,L00268,4190.67,2026-05-09T10:00:42
LP001354,L00268,4190.67,2026-06-10T10:00:42
LP001355,L00269,11872.0,2026-06-02T14:02:02
LP001356,L00269,11872.0,2026-07-02T14:02:02
LP001357,L00270,26432.0,2026-06-24T11:36:43
LP001358,L00271,11125.33,2026-03-22T13:54:24
LP001359,L00271,11125.33,2026-04-17T13:54:24
LP001360,L00271,11125.33,2026-05-24T13:54:24
LP001361,L00271,11125.33,2026-06-21T13:54:24
LP001362,L00272,1956.89,2025-11-19T08:50:39
LP001363,L00272,1956.89,2025-12-13T08:50:39
LP001364,L00272,1956.89,2026-01-19T08:50:39
LP001365,L00272,1956.89,2026-02-15T08:50:39
LP001366,L00272,1956.89,2026-03-19T08:50:39
LP001367,L00272,1956.89,2026-04-18T08:50:39
LP001368,L00272,1956.89,2026-05-15T08:50:39
LP001369,L00272,1956.89,2026-06-16T08:50:39
LP001370,L00273,1801.33,2025-10-04T13:01:11
LP001371,L00273,1801.33,2025-11-01T13:01:11
LP001372,L00273,1801.33,2025-12-07T13:01:11
LP001373,L00273,1801.33,2026-01-06T13:01:11
LP001374,L00273,1801.33,2026-02-03T13:01:11
LP001375,L00273,1801.33,2026-03-03T13:01:11
LP001376,L00273,1801.33,2026-04-02T13:01:11
LP001377,L00273,1801.33,2026-05-02T13:01:11
LP001378,L00273,1801.33,2026-06-03T13:01:11
LP001379,L00274,16828.0,2025-08-23T13:35:28
LP001380,L00274,16828.0,2025-09-21T13:35:28
LP001381,L00274,16828.0,2025-10-25T13:35:28
LP001382,L00274,16828.0,2025-11-18T13:35:28
LP001383,L00274,16828.0,2025-12-22T13:35:28
LP001384,L00274,16828.0,2026-01-25T13:35:28
LP001385,L00274,16828.0,2026-02-20T13:35:28
LP001386,L00274,16828.0,2026-03-18T13:35:28
LP001387,L00274,16828.0,2026-04-23T13:35:28
LP001388,L00274,16828.0,2026-05-23T13:35:28
LP001389,L00274,16828.0,2026-06-22T13:35:28
LP001390,L00275,2683.33,2025-11-24T15:50:29
LP001391,L00275,2683.33,2025-12-22T15:50:29
LP001392,L00275,2683.33,2026-01-24T15:50:29
LP001393,L00275,2683.33,2026-02-20T15:50:29
LP001394,L00275,2683.33,2026-03-23T15:50:29
LP001395,L00275,2683.33,2026-04-27T15:50:29
LP001396,L00275,2683.33,2026-05-20T15:50:29
LP001397,L00275,2683.33,2026-06-19T15:50:29
LP001398,L00276,4408.44,2026-03-23T12:48:03
LP001399,L00276,4408.44,2026-04-23T12:48:03
LP001400,L00276,4408.44,2026-05-23T12:48:03
LP001401,L00276,4408.44,2026-06-21T12:48:03
LP001402,L00277,12562.67,2026-03-28T08:47:44
LP001403,L00277,12562.67,2026-04-24T08:47:44
LP001404,L00277,12562.67,2026-05-26T08:47:44
LP001405,L00277,12562.67,2026-06-27T08:47:44
LP001406,L00278,10192.0,2026-04-28T09:50:00
LP001407,L00278,10192.0,2026-07-05T09:50:00
LP001408,L00280,37202.67,2026-04-05T10:10:25
LP001409,L00280,37202.67,2026-05-06T10:10:25
LP001410,L00280,37202.67,2026-06-08T10:10:25
LP001411,L00281,12572.0,2025-08-21T15:48:32
LP001412,L00281,12572.0,2025-09-22T15:48:32
LP001413,L00281,12572.0,2025-10-17T15:48:32
LP001414,L00281,12572.0,2025-11-24T15:48:32
LP001415,L00281,12572.0,2025-12-24T15:48:32
LP001416,L00281,12572.0,2026-01-16T15:48:32
LP001417,L00281,12572.0,2026-02-16T15:48:32
LP001418,L00281,12572.0,2026-03-22T15:48:32
LP001419,L00281,12572.0,2026-04-16T15:48:32
LP001420,L00281,12572.0,2026-05-20T15:48:32
LP001421,L00281,12572.0,2026-06-20T15:48:32
LP001422,L00282,16327.11,2026-06-09T13:59:32
LP001423,L00283,15306.67,2026-05-31T15:22:09
LP001424,L00283,15306.67,2026-06-27T15:22:09
LP001425,L00284,2890.22,2026-03-16T10:45:20
LP001426,L00284,2890.22,2026-04-17T10:45:20
LP001427,L00284,2890.22,2026-05-11T10:45:20
LP001428,L00285,3126.67,2025-11-23T09:33:40
LP001429,L00285,3126.67,2025-12-31T09:33:40
LP001430,L00285,3126.67,2026-01-30T09:33:40
LP001431,L00285,3126.67,2026-02-22T09:33:40
LP001432,L00285,3126.67,2026-03-30T09:33:40
LP001433,L00285,3126.67,2026-04-29T09:33:40
LP001434,L00285,3126.67,2026-05-24T09:33:40
LP001435,L00286,16436.0,2026-06-03T12:45:00
LP001436,L00286,16436.0,2026-07-02T12:45:00
LP001437,L00287,29344.0,2026-02-11T16:55:29
LP001438,L00287,29344.0,2026-03-08T16:55:29
LP001439,L00287,29344.0,2026-04-11T16:55:29
LP001440,L00287,29344.0,2026-05-12T16:55:29
LP001441,L00287,29344.0,2026-06-08T16:55:29
LP001442,L00288,48869.33,2026-06-20T09:06:24
LP001443,L00289,4355.56,2026-01-07T12:09:57
LP001444,L00289,4355.56,2026-02-08T12:09:57
LP001445,L00289,4355.56,2026-03-11T12:09:57
LP001446,L00289,4355.56,2026-04-07T12:09:57
LP001447,L00289,4355.56,2026-05-10T12:09:57
LP001448,L00289,4355.56,2026-06-11T12:09:57
LP001449,L00290,9563.56,2026-06-10T16:11:40
LP001450,L00291,4685.33,2026-04-21T11:25:37
LP001451,L00291,4685.33,2026-05-22T11:25:37
LP001452,L00292,43829.33,2026-06-05T15:03:49
LP001453,L00293,6872.44,2025-10-21T08:29:58
LP001454,L00293,6872.44,2025-11-20T08:29:58
LP001455,L00293,6872.44,2025-12-16T08:29:58
LP001456,L00293,6872.44,2026-01-15T08:29:58
LP001457,L00293,6872.44,2026-02-14T08:29:58
LP001458,L00293,6872.44,2026-03-15T08:29:58
LP001459,L00293,6872.44,2026-04-13T08:29:58
LP001460,L00293,6872.44,2026-05-16T08:29:58
LP001461,L00293,6872.44,2026-06-14T08:29:58
LP001462,L00294,8194.67,2026-03-17T15:19:46
LP001463,L00294,8194.67,2026-04-14T15:19:46
LP001464,L00294,8194.67,2026-05-11T15:19:46
LP001465,L00294,8194.67,2026-06-13T15:19:46
LP001466,L00295,4900.0,2025-11-03T08:07:10
LP001467,L00295,4900.0,2025-12-09T08:07:10
LP001468,L00295,4900.0,2025-12-31T08:07:10
LP001469,L00295,4900.0,2026-02-02T08:07:10
LP001470,L00295,4900.0,2026-03-06T08:07:10
LP001471,L00295,4900.0,2026-04-03T08:07:10
LP001472,L00295,4900.0,2026-05-04T08:07:10
LP001473,L00295,4900.0,2026-05-31T08:07:10
LP001474,L00296,1795.11,2026-02-17T12:11:42
LP001475,L00296,1795.11,2026-03-24T12:11:42
LP001476,L00296,1795.11,2026-04-18T12:11:42
LP001477,L00296,1795.11,2026-05-25T12:11:42
LP001478,L00296,1795.11,2026-06-24T12:11:42
LP001479,L00297,27598.67,2026-04-05T08:36:35
LP001480,L00297,27598.67,2026-05-05T08:36:35
LP001481,L00297,27598.67,2026-06-07T08:36:35
LP001482,L00298,36008.0,2025-12-30T14:57:45
LP001483,L00298,36008.0,2026-01-25T14:57:45
LP001484,L00298,36008.0,2026-02-24T14:57:45
LP001485,L00298,36008.0,2026-03-25T14:57:45
LP001486,L00298,36008.0,2026-04-25T14:57:45
LP001487,L00299,14864.89,2026-04-26T12:18:12
LP001488,L00299,14864.89,2026-05-25T12:18:12
LP001489,L00299,14864.89,2026-06-23T12:18:12
LP001490,L00300,8110.67,2025-11-14T08:05:50
LP001491,L00300,8110.67,2025-12-20T08:05:50
LP001492,L00300,8110.67,2026-01-14T08:05:50
LP001493,L00300,8110.67,2026-02-14T08:05:50
LP001494,L00300,8110.67,2026-03-16T08:05:50
LP001495,L00300,8110.67,2026-04-12T08:05:50
LP001496,L00300,8110.67,2026-05-16T08:05:50
LP001497,L00300,8110.67,2026-06-16T08:05:50
LP001498,L00301,20178.67,2026-06-04T10:32:32
LP001499,L00302,19030.67,2026-01-13T09:12:44
LP001500,L00302,19030.67,2026-02-07T09:12:44
LP001501,L00302,19030.67,2026-03-15T09:12:44
LP001502,L00302,19030.67,2026-04-12T09:12:44
LP001503,L00302,19030.67,2026-05-15T09:12:44
LP001504,L00302,19030.67,2026-06-12T09:12:44
LP001505,L00303,1773.33,2026-01-29T15:33:34
LP001506,L00303,1773.33,2026-02-24T15:33:34
LP001507,L00303,1773.33,2026-03-30T15:33:34
LP001508,L00303,1773.33,2026-04-23T15:33:34
LP001509,L00303,1773.33,2026-05-28T15:33:34
LP001510,L00303,1773.33,2026-06-24T15:33:34
LP001511,L00304,1032.89,2026-03-15T09:03:34
LP001512,L00304,1032.89,2026-04-07T09:03:34
LP001513,L00304,1032.89,2026-05-14T09:03:34
LP001514,L00304,1032.89,2026-06-10T09:03:34
LP001515,L00305,19488.0,2026-06-04T15:04:58
LP001516,L00305,19488.0,2026-06-27T15:04:58
LP001517,L00306,2793.78,2026-06-12T13:46:34
LP001518,L00307,3803.33,2025-12-27T10:54:12
LP001519,L00307,3803.33,2026-01-30T10:54:12
LP001520,L00307,3803.33,2026-02-27T10:54:12
LP001521,L00307,3803.33,2026-04-03T10:54:12
LP001522,L00307,3803.33,2026-04-26T10:54:12
LP001523,L00307,3803.33,2026-05-26T10:54:12
LP001524,L00307,3803.33,2026-06-27T10:54:12
LP001525,L00308,8222.67,2026-06-04T12:54:21
LP001526,L00309,14345.33,2025-12-12T14:45:03
LP001527,L00309,14345.33,2026-01-09T14:45:03
LP001528,L00309,14345.33,2026-02-14T14:45:03
LP001529,L00309,14345.33,2026-03-17T14:45:03
LP001530,L00309,14345.33,2026-04-11T14:45:03
LP001531,L00309,14345.33,2026-05-13T14:45:03
LP001532,L00309,14345.33,2026-06-15T14:45:03
LP001533,L00310,9216.67,2025-12-04T16:57:02
LP001534,L00310,9216.67,2026-01-07T16:57:02
LP001535,L00310,9216.67,2026-02-06T16:57:02
LP001536,L00310,9216.67,2026-03-04T16:57:02
LP001537,L00310,9216.67,2026-04-04T16:57:02
LP001538,L00310,9216.67,2026-05-10T16:57:02
LP001539,L00310,9216.67,2026-06-03T16:57:02
LP001540,L00311,18380.44,2025-09-13T13:43:35
LP001541,L00311,18380.44,2025-10-11T13:43:35
LP001542,L00311,18380.44,2025-11-14T13:43:35
LP001543,L00311,18380.44,2025-12-13T13:43:35
LP001544,L00311,18380.44,2026-01-08T13:43:35
LP001545,L00311,18380.44,2026-02-13T13:43:35
LP001546,L00311,18380.44,2026-03-09T13:43:35
LP001547,L00311,18380.44,2026-04-08T13:43:35
LP001548,L00311,18380.44,2026-05-11T13:43:35
LP001549,L00311,18380.44,2026-06-09T13:43:35
LP001550,L00312,1711.11,2026-05-29T13:20:55
LP001551,L00312,1711.11,2026-06-28T13:20:55
LP001552,L00313,8250.67,2025-12-22T12:59:00
LP001553,L00313,8250.67,2026-02-21T12:59:00
LP001554,L00313,8250.67,2026-03-18T12:59:00
LP001555,L00313,8250.67,2026-04-23T12:59:00
LP001556,L00313,8250.67,2026-05-23T12:59:00
LP001557,L00314,18909.33,2026-04-09T12:10:53
LP001558,L00314,18909.33,2026-05-05T12:10:53
LP001559,L00314,18909.33,2026-06-08T12:10:53
LP001560,L00315,13402.67,2026-01-03T13:47:30
LP001561,L00315,13402.67,2026-02-06T13:47:30
LP001562,L00315,13402.67,2026-03-06T13:47:30
LP001563,L00315,13402.67,2026-04-03T13:47:30
LP001564,L00315,13402.67,2026-05-03T13:47:30
LP001565,L00315,13402.67,2026-06-06T13:47:30
LP001566,L00316,10817.33,2025-09-28T15:39:01
LP001567,L00316,10817.33,2025-10-25T15:39:01
LP001568,L00316,10817.33,2025-12-25T15:39:01
LP001569,L00316,10817.33,2026-01-25T15:39:01
LP001570,L00316,10817.33,2026-02-21T15:39:01
LP001571,L00316,10817.33,2026-03-24T15:39:01
LP001572,L00316,10817.33,2026-04-28T15:39:01
LP001573,L00316,10817.33,2026-05-24T15:39:01
LP001574,L00316,10817.33,2026-06-28T15:39:01
LP001575,L00317,13076.0,2025-12-11T16:09:24
LP001576,L00317,13076.0,2026-02-08T16:09:24
LP001577,L00317,13076.0,2026-03-05T16:09:24
LP001578,L00317,13076.0,2026-04-06T16:09:24
LP001579,L00317,13076.0,2026-05-10T16:09:24
LP001580,L00318,8512.0,2025-10-22T14:44:13
LP001581,L00318,8512.0,2025-11-16T14:44:13
LP001582,L00318,8512.0,2025-12-14T14:44:13
LP001583,L00318,8512.0,2026-02-11T14:44:13
LP001584,L00318,8512.0,2026-03-17T14:44:13
LP001585,L00318,8512.0,2026-04-18T14:44:13
LP001586,L00318,8512.0,2026-05-18T14:44:13
LP001587,L00318,8512.0,2026-06-11T14:44:13
LP001588,L00319,52434.67,2025-08-28T08:26:16
LP001589,L00319,52434.67,2025-09-21T08:26:16
LP001590,L00319,52434.67,2025-10-22T08:26:16
LP001591,L00319,52434.67,2025-11-20T08:26:16
LP001592,L00319,52434.67,2025-12-26T08:26:16
LP001593,L00320,19460.0,2026-01-25T11:29:01
LP001594,L00320,19460.0,2026-02-23T11:29:01
LP001595,L00320,19460.0,2026-04-23T11:29:01
LP001596,L00320,19460.0,2026-06-24T11:29:01
LP001597,L00321,4116.0,2026-06-23T15:30:13
LP001598,L00322,5422.67,2025-09-21T09:55:00
LP001599,L00322,5422.67,2025-10-17T09:55:00
LP001600,L00322,5422.67,2025-11-17T09:55:00
LP001601,L00322,5422.67,2025-12-17T09:55:00
LP001602,L00322,5422.67,2026-01-17T09:55:00
LP001603,L00322,5422.67,2026-02-16T09:55:00
LP001604,L00322,5422.67,2026-03-20T09:55:00
LP001605,L00322,5422.67,2026-04-11T09:55:00
LP001606,L00323,13972.0,2026-04-18T09:42:12
LP001607,L00323,13972.0,2026-05-25T09:42:12
LP001608,L00323,13972.0,2026-06-17T09:42:12
LP001609,L00324,1393.78,2026-02-21T11:46:10
LP001610,L00324,1393.78,2026-03-19T11:46:10
LP001611,L00324,1393.78,2026-04-21T11:46:10
LP001612,L00324,1393.78,2026-05-22T11:46:10
LP001613,L00325,3437.78,2025-12-09T12:31:50
LP001614,L00325,3437.78,2026-01-10T12:31:50
LP001615,L00325,3437.78,2026-02-11T12:31:50
LP001616,L00325,3437.78,2026-03-09T12:31:50
LP001617,L00325,3437.78,2026-04-13T12:31:50
LP001618,L00325,3437.78,2026-05-15T12:31:50
LP001619,L00325,3437.78,2026-06-13T12:31:50
LP001620,L00326,7746.67,2025-09-02T10:16:50
LP001621,L00326,7746.67,2025-10-01T10:16:50
LP001622,L00326,7746.67,2025-11-07T10:16:50
LP001623,L00326,7746.67,2025-12-03T10:16:50
LP001624,L00326,7746.67,2025-12-30T10:16:50
LP001625,L00326,7746.67,2026-02-03T10:16:50
LP001626,L00326,7746.67,2026-03-05T10:16:50
LP001627,L00326,7746.67,2026-04-06T10:16:50
LP001628,L00326,7746.67,2026-05-01T10:16:50
LP001629,L00326,7746.67,2026-06-06T10:16:50
LP001630,L00327,3990.0,2025-10-26T16:29:44
LP001631,L00327,3990.0,2025-11-18T16:29:44
LP001632,L00327,3990.0,2025-12-22T16:29:44
LP001633,L00327,3990.0,2026-02-21T16:29:44
LP001634,L00327,3990.0,2026-03-19T16:29:44
LP001635,L00327,3990.0,2026-04-19T16:29:44
LP001636,L00327,3990.0,2026-05-17T16:29:44
LP001637,L00328,4153.33,2026-02-19T13:45:07
LP001638,L00328,4153.33,2026-03-22T13:45:07
LP001639,L00328,4153.33,2026-04-20T13:45:07
LP001640,L00328,4153.33,2026-05-21T13:45:07
LP001641,L00328,4153.33,2026-06-18T13:45:07
LP001642,L00329,22250.67,2026-04-20T09:49:09
LP001643,L00330,728.0,2025-09-26T14:23:34
LP001644,L00330,728.0,2025-11-02T14:23:34
LP001645,L00330,728.0,2025-12-29T14:23:34
LP001646,L00330,728.0,2026-01-26T14:23:34
LP001647,L00330,728.0,2026-02-28T14:23:34
LP001648,L00330,728.0,2026-04-26T14:23:34
LP001649,L00330,728.0,2026-05-29T14:23:34
LP001650,L00331,1051.56,2026-05-23T09:42:58
LP001651,L00331,1051.56,2026-06-19T09:42:58
LP001652,L00332,4918.67,2025-09-08T08:32:15
LP001653,L00332,4918.67,2025-10-05T08:32:15
LP001654,L00332,4918.67,2025-11-06T08:32:15
LP001655,L00332,4918.67,2025-12-08T08:32:15
LP001656,L00332,4918.67,2026-01-06T08:32:15
LP001657,L00332,4918.67,2026-01-30T08:32:15
LP001658,L00332,4918.67,2026-03-09T08:32:15
LP001659,L00332,4918.67,2026-04-07T08:32:15
LP001660,L00332,4918.67,2026-05-07T08:32:15
LP001661,L00332,4918.67,2026-05-30T08:32:15
LP001662,L00333,23996.0,2025-09-15T12:22:40
LP001663,L00333,23996.0,2025-10-23T12:22:40
LP001664,L00333,23996.0,2025-12-15T12:22:40
LP001665,L00333,23996.0,2026-01-20T12:22:40
LP001666,L00333,23996.0,2026-02-16T12:22:40
LP001667,L00333,23996.0,2026-03-17T12:22:40
LP001668,L00333,23996.0,2026-04-16T12:22:40
LP001669,L00333,23996.0,2026-05-17T12:22:40
LP001670,L00333,23996.0,2026-06-12T12:22:40
LP001671,L00334,8561.78,2025-09-07T15:53:23
LP001672,L00334,8561.78,2025-10-12T15:53:23
LP001673,L00334,8561.78,2025-12-10T15:53:23
LP001674,L00334,8561.78,2026-01-08T15:53:23
LP001675,L00334,8561.78,2026-03-10T15:53:23
LP001676,L00334,8561.78,2026-04-11T15:53:23
LP001677,L00334,8561.78,2026-05-11T15:53:23
LP001678,L00334,8561.78,2026-06-05T15:53:23
LP001679,L00335,4094.22,2025-11-26T08:04:18
LP001680,L00335,4094.22,2025-12-24T08:04:18
LP001681,L00335,4094.22,2026-01-25T08:04:18
LP001682,L00335,4094.22,2026-02-18T08:04:18
LP001683,L00335,4094.22,2026-04-20T08:04:18
LP001684,L00335,4094.22,2026-06-18T08:04:18
LP001685,L00336,5354.22,2026-01-30T13:17:02
LP001686,L00336,5354.22,2026-03-05T13:17:02
LP001687,L00336,5354.22,2026-04-01T13:17:02
LP001688,L00336,5354.22,2026-05-04T13:17:02
LP001689,L00336,5354.22,2026-06-01T13:17:02
LP001690,L00337,15876.0,2026-04-11T15:15:01
LP001691,L00337,15876.0,2026-05-05T15:15:01
LP001692,L00337,15876.0,2026-06-08T15:15:01
LP001693,L00338,12562.67,2026-05-17T11:38:19
LP001694,L00339,14336.0,2026-02-14T10:49:41
LP001695,L00339,14336.0,2026-03-18T10:49:41
LP001696,L00339,14336.0,2026-04-19T10:49:41
LP001697,L00339,14336.0,2026-05-18T10:49:41
LP001698,L00339,14336.0,2026-06-11T10:49:41
LP001699,L00340,5180.0,2026-01-18T15:09:49
LP001700,L00340,5180.0,2026-02-23T15:09:49
LP001701,L00340,5180.0,2026-03-21T15:09:49
LP001702,L00340,5180.0,2026-04-26T15:09:49
LP001703,L00340,5180.0,2026-05-24T15:09:49
LP001704,L00340,5180.0,2026-06-24T15:09:49
LP001705,L00341,5175.33,2025-12-22T13:05:16
LP001706,L00341,5175.33,2026-01-22T13:05:16
LP001707,L00341,5175.33,2026-02-21T13:05:16
LP001708,L00341,5175.33,2026-03-19T13:05:16
LP001709,L00341,5175.33,2026-04-21T13:05:16
LP001710,L00341,5175.33,2026-05-21T13:05:16
LP001711,L00341,5175.33,2026-06-15T13:05:16
LP001712,L00342,2003.56,2025-08-31T08:04:02
LP001713,L00342,2003.56,2025-09-29T08:04:02
LP001714,L00342,2003.56,2025-10-24T08:04:02
LP001715,L00342,2003.56,2025-11-21T08:04:02
LP001716,L00342,2003.56,2025-12-26T08:04:02
LP001717,L00342,2003.56,2026-01-22T08:04:02
LP001718,L00342,2003.56,2026-02-24T08:04:02
LP001719,L00342,2003.56,2026-03-22T08:04:02
LP001720,L00342,2003.56,2026-04-27T08:04:02
LP001721,L00342,2003.56,2026-05-24T08:04:02
LP001722,L00342,2003.56,2026-06-22T08:04:02
LP001723,L00343,3728.67,2026-03-03T08:21:57
LP001724,L00343,3728.67,2026-04-01T08:21:57
LP001725,L00343,3728.67,2026-05-05T08:21:57
LP001726,L00343,3728.67,2026-05-31T08:21:57
LP001727,L00344,8922.67,2026-05-07T09:15:20
LP001728,L00344,8922.67,2026-06-11T09:15:20
LP001729,L00345,7258.22,2025-12-30T08:16:30
LP001730,L00345,7258.22,2026-01-30T08:16:30
LP001731,L00345,7258.22,2026-02-26T08:16:30
LP001732,L00345,7258.22,2026-03-27T08:16:30
LP001733,L00345,7258.22,2026-04-24T08:16:30
LP001734,L00345,7258.22,2026-05-24T08:16:30
LP001735,L00345,7258.22,2026-06-24T08:16:30
LP001736,L00346,14180.44,2026-03-12T09:46:48
LP001737,L00346,14180.44,2026-05-04T09:46:48
LP001738,L00346,14180.44,2026-06-06T09:46:48
LP001739,L00347,8530.67,2026-01-12T10:09:43
LP001740,L00347,8530.67,2026-02-09T10:09:43
LP001741,L00347,8530.67,2026-03-11T10:09:43
LP001742,L00347,8530.67,2026-04-11T10:09:43
LP001743,L00347,8530.67,2026-05-11T10:09:43
LP001744,L00347,8530.67,2026-06-13T10:09:43
LP001745,L00348,21457.33,2026-03-31T16:45:20
LP001746,L00348,21457.33,2026-04-27T16:45:20
LP001747,L00348,21457.33,2026-06-01T16:45:20
LP001748,L00348,21457.33,2026-06-25T16:45:20
LP001749,L00349,3546.67,2026-03-16T12:25:16
LP001750,L00349,3546.67,2026-04-12T12:25:16
LP001751,L00349,3546.67,2026-05-17T12:25:16
LP001752,L00349,3546.67,2026-06-12T12:25:16
LP001753,L00350,17764.44,2025-12-28T12:54:01
LP001754,L00350,17764.44,2026-01-31T12:54:01
LP001755,L00350,17764.44,2026-03-03T12:54:01
LP001756,L00350,17764.44,2026-03-31T12:54:01
LP001757,L00350,17764.44,2026-04-28T12:54:01
LP001758,L00350,17764.44,2026-05-27T12:54:01
LP001759,L00351,12063.33,2026-03-30T11:23:24
LP001760,L00351,12063.33,2026-04-23T11:23:24
LP001761,L00351,12063.33,2026-05-29T11:23:24
LP001762,L00351,12063.33,2026-06-22T11:23:24
LP001763,L00352,21121.33,2025-10-09T15:24:42
LP001764,L00352,21121.33,2025-11-05T15:24:42
LP001765,L00352,21121.33,2025-12-05T15:24:42
LP001766,L00352,21121.33,2026-01-09T15:24:42
LP001767,L00352,21121.33,2026-02-10T15:24:42
LP001768,L00352,21121.33,2026-03-08T15:24:42
LP001769,L00352,21121.33,2026-04-09T15:24:42
LP001770,L00352,21121.33,2026-05-08T15:24:42
LP001771,L00352,21121.33,2026-06-06T15:24:42
LP001772,L00353,8754.67,2026-06-14T16:05:57
LP001773,L00354,8496.44,2025-12-03T09:33:02
LP001774,L00354,8496.44,2026-01-02T09:33:02
LP001775,L00354,8496.44,2026-02-02T09:33:02
LP001776,L00354,8496.44,2026-03-02T09:33:02
LP001777,L00354,8496.44,2026-03-30T09:33:02
LP001778,L00354,8496.44,2026-04-28T09:33:02
LP001779,L00354,8496.44,2026-05-27T09:33:02
LP001780,L00354,8496.44,2026-06-27T09:33:02
LP001781,L00355,50530.67,2025-11-05T13:21:16
LP001782,L00355,50530.67,2025-12-13T13:21:16
LP001783,L00355,50530.67,2026-01-07T13:21:16
LP001784,L00355,50530.67,2026-02-05T13:21:16
LP001785,L00355,50530.67,2026-03-10T13:21:16
LP001786,L00355,50530.67,2026-04-12T13:21:16
LP001787,L00356,34477.33,2026-04-23T11:04:48
LP001788,L00356,34477.33,2026-05-20T11:04:48
LP001789,L00356,34477.33,2026-06-23T11:04:48
LP001790,L00357,11097.33,2025-11-03T09:47:33
LP001791,L00357,11097.33,2025-12-04T09:47:33
LP001792,L00357,11097.33,2026-01-03T09:47:33
LP001793,L00357,11097.33,2026-02-02T09:47:33
LP001794,L00357,11097.33,2026-02-28T09:47:33
LP001795,L00357,11097.33,2026-03-29T09:47:33
LP001796,L00357,11097.33,2026-05-05T09:47:33
LP001797,L00357,11097.33,2026-06-03T09:47:33
LP001798,L00357,11097.33,2026-07-03T09:47:33
LP001799,L00358,5880.0,2025-11-01T14:06:31
LP001800,L00358,5880.0,2025-12-01T14:06:31
LP001801,L00358,5880.0,2025-12-25T14:06:31
LP001802,L00358,5880.0,2026-01-25T14:06:31
LP001803,L00358,5880.0,2026-03-02T14:06:31
LP001804,L00358,5880.0,2026-03-27T14:06:31
LP001805,L00359,5058.67,2026-06-05T12:37:21
LP001806,L00360,1894.67,2026-01-22T14:53:04
LP001807,L00360,1894.67,2026-02-21T14:53:04
LP001808,L00360,1894.67,2026-03-21T14:53:04
LP001809,L00360,1894.67,2026-04-15T14:53:04
LP001810,L00360,1894.67,2026-05-18T14:53:04
LP001811,L00360,1894.67,2026-06-20T14:53:04
LP001812,L00361,4588.89,2026-03-09T10:18:02
LP001813,L00361,4588.89,2026-04-07T10:18:02
LP001814,L00361,4588.89,2026-05-10T10:18:02
LP001815,L00361,4588.89,2026-06-06T10:18:02
LP001816,L00362,2268.0,2026-02-07T15:07:42
LP001817,L00362,2268.0,2026-03-09T15:07:42
LP001818,L00362,2268.0,2026-04-08T15:07:42
LP001819,L00362,2268.0,2026-05-15T15:07:42
LP001820,L00362,2268.0,2026-06-10T15:07:42
LP001821,L00363,8754.67,2026-05-05T10:29:35
LP001822,L00363,8754.67,2026-06-02T10:29:35
LP001823,L00364,24416.0,2026-01-09T14:29:29
LP001824,L00364,24416.0,2026-02-15T14:29:29
LP001825,L00364,24416.0,2026-03-12T14:29:29
LP001826,L00364,24416.0,2026-04-16T14:29:29
LP001827,L00364,24416.0,2026-05-09T14:29:29
LP001828,L00364,24416.0,2026-06-11T14:29:29
LP001829,L00365,12427.33,2026-02-12T11:52:05
LP001830,L00365,12427.33,2026-03-14T11:52:05
LP001831,L00365,12427.33,2026-04-12T11:52:05
LP001832,L00365,12427.33,2026-05-10T11:52:05
LP001833,L00365,12427.33,2026-06-14T11:52:05
LP001834,L00366,7644.0,2025-08-04T13:35:12
LP001835,L00366,7644.0,2025-08-31T13:35:12
LP001836,L00366,7644.0,2025-10-07T13:35:12
LP001837,L00366,7644.0,2025-11-01T13:35:12
LP001838,L00366,7644.0,2025-11-30T13:35:12
LP001839,L00366,7644.0,2026-01-01T13:35:12
LP001840,L00366,7644.0,2026-01-28T13:35:12
LP001841,L00366,7644.0,2026-03-03T13:35:12
LP001842,L00366,7644.0,2026-03-29T13:35:12
LP001843,L00366,7644.0,2026-04-27T13:35:12
LP001844,L00366,7644.0,2026-06-03T13:35:12
LP001845,L00366,7644.0,2026-06-28T13:35:12
LP001846,L00367,10577.78,2026-04-21T15:47:50
LP001847,L00367,10577.78,2026-05-19T15:47:50
LP001848,L00367,10577.78,2026-06-17T15:47:50
LP001849,L00368,9800.0,2025-09-05T12:38:19
LP001850,L00368,9800.0,2025-10-03T12:38:19
LP001851,L00368,9800.0,2025-11-01T12:38:19
LP001852,L00368,9800.0,2025-12-05T12:38:19
LP001853,L00368,9800.0,2026-01-06T12:38:19
LP001854,L00368,9800.0,2026-02-05T12:38:19
LP001855,L00368,9800.0,2026-03-04T12:38:19
LP001856,L00368,9800.0,2026-04-01T12:38:19
LP001857,L00368,9800.0,2026-05-01T12:38:19
LP001858,L00368,9800.0,2026-06-02T12:38:19
LP001859,L00369,9986.67,2026-05-28T09:04:25
LP001860,L00369,9986.67,2026-06-20T09:04:25
LP001861,L00370,2576.0,2026-03-07T10:12:04
LP001862,L00370,2576.0,2026-04-09T10:12:04
LP001863,L00370,2576.0,2026-05-10T10:12:04
LP001864,L00370,2576.0,2026-06-05T10:12:04
LP001865,L00371,42746.67,2025-11-23T11:51:54
LP001866,L00371,42746.67,2025-12-18T11:51:54
LP001867,L00371,42746.67,2026-01-19T11:51:54
LP001868,L00371,42746.67,2026-02-21T11:51:54
LP001869,L00371,42746.67,2026-03-19T11:51:54
LP001870,L00371,42746.67,2026-04-19T11:51:54
LP001871,L00372,11526.67,2025-09-23T11:29:47
LP001872,L00372,11526.67,2025-10-19T11:29:47
LP001873,L00372,11526.67,2025-11-20T11:29:47
LP001874,L00372,11526.67,2025-12-19T11:29:47
LP001875,L00372,11526.67,2026-01-16T11:29:47
LP001876,L00372,11526.67,2026-02-17T11:29:47
LP001877,L00372,11526.67,2026-03-21T11:29:47
LP001878,L00372,11526.67,2026-05-15T11:29:47
LP001879,L00372,11526.67,2026-06-17T11:29:47
LP001880,L00373,22474.67,2025-12-26T11:46:14
LP001881,L00373,22474.67,2026-01-29T11:46:14
LP001882,L00373,22474.67,2026-03-01T11:46:14
LP001883,L00373,22474.67,2026-03-24T11:46:14
LP001884,L00373,22474.67,2026-04-25T11:46:14
LP001885,L00373,22474.67,2026-05-23T11:46:14
LP001886,L00373,22474.67,2026-06-27T11:46:14
LP001887,L00374,18268.44,2026-05-31T09:03:17
LP001888,L00374,18268.44,2026-06-27T09:03:17
LP001889,L00375,24126.67,2026-06-07T14:47:17
LP001890,L00376,17913.78,2026-02-10T08:23:57
LP001891,L00376,17913.78,2026-03-16T08:23:57
LP001892,L00376,17913.78,2026-04-12T08:23:57
LP001893,L00376,17913.78,2026-05-10T08:23:57
LP001894,L00376,17913.78,2026-06-11T08:23:57
LP001895,L00377,4890.67,2026-06-06T08:57:26
LP001896,L00378,1036.0,2025-12-12T12:35:23
LP001897,L00378,1036.0,2026-01-06T12:35:23
LP001898,L00378,1036.0,2026-02-08T12:35:23
LP001899,L00378,1036.0,2026-03-10T12:35:23
LP001900,L00378,1036.0,2026-04-04T12:35:23
LP001901,L00378,1036.0,2026-05-11T12:35:23
LP001902,L00378,1036.0,2026-06-04T12:35:23
LP001903,L00379,17851.56,2025-11-28T12:48:44
LP001904,L00379,17851.56,2025-12-30T12:48:44
LP001905,L00379,17851.56,2026-01-28T12:48:44
LP001906,L00379,17851.56,2026-03-02T12:48:44
LP001907,L00379,17851.56,2026-03-28T12:48:44
LP001908,L00379,17851.56,2026-05-01T12:48:44
LP001909,L00379,17851.56,2026-06-01T12:48:44
LP001910,L00379,17851.56,2026-07-02T12:48:44
LP001911,L00380,1437.33,2026-01-23T09:52:20
LP001912,L00380,1437.33,2026-03-23T09:52:20
LP001913,L00380,1437.33,2026-04-23T09:52:20
LP001914,L00380,1437.33,2026-05-22T09:52:20
LP001915,L00380,1437.33,2026-06-20T09:52:20
LP001916,L00381,2356.67,2026-04-26T11:19:03
LP001917,L00381,2356.67,2026-05-28T11:19:03
LP001918,L00381,2356.67,2026-06-27T11:19:03
LP001919,L00382,4710.22,2026-05-28T08:44:37
LP001920,L00382,4710.22,2026-06-24T08:44:37
LP001921,L00383,15558.67,2025-12-31T10:48:14
LP001922,L00383,15558.67,2026-01-25T10:48:14
LP001923,L00383,15558.67,2026-02-27T10:48:14
LP001924,L00383,15558.67,2026-04-01T10:48:14
LP001925,L00383,15558.67,2026-04-24T10:48:14
LP001926,L00383,15558.67,2026-06-22T10:48:14
LP001927,L00384,9221.33,2025-12-27T11:48:40
LP001928,L00384,9221.33,2026-01-27T11:48:40
LP001929,L00384,9221.33,2026-03-02T11:48:40
LP001930,L00384,9221.33,2026-03-30T11:48:40
LP001931,L00384,9221.33,2026-04-26T11:48:40
LP001932,L00384,9221.33,2026-05-27T11:48:40
LP001933,L00384,9221.33,2026-06-28T11:48:40
LP001934,L00385,9943.11,2025-11-03T15:11:37
LP001935,L00385,9943.11,2025-12-09T15:11:37
LP001936,L00385,9943.11,2026-01-07T15:11:37
LP001937,L00385,9943.11,2026-02-07T15:11:37
LP001938,L00385,9943.11,2026-03-06T15:11:37
LP001939,L00385,9943.11,2026-04-06T15:11:37
LP001940,L00385,9943.11,2026-05-02T15:11:37
LP001941,L00385,9943.11,2026-06-06T15:11:37
LP001942,L00386,9109.33,2026-01-31T14:54:37
LP001943,L00386,9109.33,2026-02-27T14:54:37
LP001944,L00386,9109.33,2026-04-02T14:54:37
LP001945,L00386,9109.33,2026-05-29T14:54:37
LP001946,L00386,9109.33,2026-06-30T14:54:37
LP001947,L00387,2926.0,2026-06-21T11:21:16
LP001948,L00388,41496.0,2025-09-02T14:50:20
LP001949,L00388,41496.0,2025-09-30T14:50:20
LP001950,L00388,41496.0,2025-10-31T14:50:20
LP001951,L00388,41496.0,2025-12-03T14:50:20
LP001952,L00388,41496.0,2026-01-04T14:50:20
LP001953,L00389,7014.0,2025-12-11T08:00:47
LP001954,L00389,7014.0,2026-01-07T08:00:47
LP001955,L00389,7014.0,2026-02-02T08:00:47
LP001956,L00389,7014.0,2026-03-10T08:00:47
LP001957,L00389,7014.0,2026-04-10T08:00:47
LP001958,L00389,7014.0,2026-05-05T08:00:47
LP001959,L00389,7014.0,2026-06-04T08:00:47
LP001960,L00390,4567.11,2026-02-14T13:44:14
LP001961,L00390,4567.11,2026-03-14T13:44:14
LP001962,L00390,4567.11,2026-04-10T13:44:14
LP001963,L00390,4567.11,2026-05-16T13:44:14
LP001964,L00390,4567.11,2026-06-08T13:44:14
LP001965,L00391,9608.67,2025-09-05T12:33:23
LP001966,L00391,9608.67,2025-10-04T12:33:23
LP001967,L00391,9608.67,2025-11-05T12:33:23
LP001968,L00391,9608.67,2025-12-07T12:33:23
LP001969,L00391,9608.67,2026-01-06T12:33:23
LP001970,L00391,9608.67,2026-02-04T12:33:23
LP001971,L00391,9608.67,2026-04-03T12:33:23
LP001972,L00391,9608.67,2026-05-04T12:33:23
LP001973,L00391,9608.67,2026-06-01T12:33:23
LP001974,L00393,1689.33,2025-10-14T10:29:11
LP001975,L00393,1689.33,2025-11-10T10:29:11
LP001976,L00393,1689.33,2025-12-12T10:29:11
LP001977,L00393,1689.33,2026-01-15T10:29:11
LP001978,L00393,1689.33,2026-02-14T10:29:11
LP001979,L00393,1689.33,2026-03-08T10:29:11
LP001980,L00393,1689.33,2026-04-08T10:29:11
LP001981,L00393,1689.33,2026-05-13T10:29:11
LP001982,L00393,1689.33,2026-06-09T10:29:11
LP001983,L00394,1997.33,2026-03-05T15:31:57
LP001984,L00394,1997.33,2026-04-29T15:31:57
LP001985,L00394,1997.33,2026-06-01T15:31:57
LP001986,L00394,1997.33,2026-06-26T15:31:57
LP001987,L00395,8563.33,2025-08-16T10:41:06
LP001988,L00395,8563.33,2025-10-14T10:41:06
LP001989,L00395,8563.33,2025-11-16T10:41:06
LP001990,L00395,8563.33,2025-12-14T10:41:06
LP001991,L00395,8563.33,2026-01-09T10:41:06
LP001992,L00395,8563.33,2026-02-11T10:41:06
LP001993,L00395,8563.33,2026-03-15T10:41:06
LP001994,L00395,8563.33,2026-04-16T10:41:06
LP001995,L00395,8563.33,2026-05-14T10:41:06
LP001996,L00395,8563.33,2026-06-10T10:41:06
LP001997,L00396,8960.0,2026-03-06T11:58:56
LP001998,L00396,8960.0,2026-04-05T11:58:56
LP001999,L00396,8960.0,2026-05-03T11:58:56
LP002000,L00396,8960.0,2026-06-04T11:58:56
LP002001,L00396,8960.0,2026-06-30T11:58:56
LP002002,L00397,13962.67,2025-08-06T13:16:27
LP002003,L00397,13962.67,2025-10-06T13:16:27
LP002004,L00397,13962.67,2025-12-03T13:16:27
LP002005,L00397,13962.67,2026-01-03T13:16:27
LP002006,L00398,40973.33,2025-11-25T14:17:36
LP002007,L00398,40973.33,2025-12-22T14:17:36
LP002008,L00398,40973.33,2026-01-22T14:17:36
LP002009,L00398,40973.33,2026-02-20T14:17:36
LP002010,L00398,40973.33,2026-03-29T14:17:36
LP002011,L00398,40973.33,2026-04-23T14:17:36
LP002012,L00399,12058.67,2026-01-25T16:05:02
LP002013,L00399,12058.67,2026-02-24T16:05:02
LP002014,L00399,12058.67,2026-03-28T16:05:02
LP002015,L00399,12058.67,2026-04-21T16:05:02
LP002016,L00399,12058.67,2026-05-26T16:05:02
LP002017,L00399,12058.67,2026-06-27T16:05:02
LP002018,L00400,5189.33,2026-04-14T12:29:26
LP002019,L00400,5189.33,2026-05-14T12:29:26
LP002020,L00400,5189.33,2026-06-12T12:29:26
LP002021,L00401,16862.22,2026-06-12T16:37:10
LP002022,L00402,11965.33,2026-06-16T11:58:11
LP002023,L00403,6247.11,2026-02-19T14:01:42
LP002024,L00403,6247.11,2026-03-20T14:01:42
LP002025,L00403,6247.11,2026-04-21T14:01:42
LP002026,L00403,6247.11,2026-05-20T14:01:42
LP002027,L00403,6247.11,2026-06-21T14:01:42
LP002028,L00404,4503.33,2026-05-15T16:31:52
LP002029,L00404,4503.33,2026-06-18T16:31:52
LP002030,L00405,609.78,2025-11-30T10:51:53
LP002031,L00405,609.78,2026-01-07T10:51:53
LP002032,L00405,609.78,2026-02-04T10:51:53
LP002033,L00405,609.78,2026-03-06T10:51:53
LP002034,L00405,609.78,2026-04-03T10:51:53
LP002035,L00405,609.78,2026-05-01T10:51:53
LP002036,L00405,609.78,2026-05-29T10:51:53
LP002037,L00406,2328.67,2026-03-21T10:03:30
LP002038,L00406,2328.67,2026-04-17T10:03:30
LP002039,L00406,2328.67,2026-05-19T10:03:30
LP002040,L00406,2328.67,2026-06-20T10:03:30
LP002041,L00407,10570.0,2025-08-27T12:13:13
LP002042,L00407,10570.0,2025-09-29T12:13:13
LP002043,L00407,10570.0,2025-10-30T12:13:13
LP002044,L00407,10570.0,2025-11-24T12:13:13
LP002045,L00407,10570.0,2026-01-28T12:13:13
LP002046,L00407,10570.0,2026-02-19T12:13:13
LP002047,L00407,10570.0,2026-03-25T12:13:13
LP002048,L00407,10570.0,2026-05-24T12:13:13
LP002049,L00407,10570.0,2026-06-20T12:13:13
LP002050,L00409,48626.67,2026-01-13T15:29:35
LP002051,L00409,48626.67,2026-02-15T15:29:35
LP002052,L00409,48626.67,2026-03-19T15:29:35
LP002053,L00409,48626.67,2026-04-11T15:29:35
LP002054,L00409,48626.67,2026-05-11T15:29:35
LP002055,L00409,48626.67,2026-06-11T15:29:35
LP002056,L00410,6626.67,2025-10-08T10:22:44
LP002057,L00410,6626.67,2025-11-09T10:22:44
LP002058,L00410,6626.67,2025-12-05T10:22:44
LP002059,L00410,6626.67,2026-01-02T10:22:44
LP002060,L00410,6626.67,2026-02-04T10:22:44
LP002061,L00410,6626.67,2026-03-07T10:22:44
LP002062,L00410,6626.67,2026-04-08T10:22:44
LP002063,L00410,6626.67,2026-05-07T10:22:44
LP002064,L00410,6626.67,2026-06-02T10:22:44
LP002065,L00411,10652.44,2025-12-09T12:24:33
LP002066,L00411,10652.44,2026-01-14T12:24:33
LP002067,L00411,10652.44,2026-02-07T12:24:33
LP002068,L00411,10652.44,2026-03-17T12:24:33
LP002069,L00411,10652.44,2026-04-09T12:24:33
LP002070,L00411,10652.44,2026-05-11T12:24:33
LP002071,L00411,10652.44,2026-06-10T12:24:33
LP002072,L00412,9776.67,2025-09-11T10:38:07
LP002073,L00412,9776.67,2025-10-13T10:38:07
LP002074,L00412,9776.67,2025-11-07T10:38:07
LP002075,L00412,9776.67,2025-12-14T10:38:07
LP002076,L00412,9776.67,2026-01-09T10:38:07
LP002077,L00412,9776.67,2026-02-13T10:38:07
LP002078,L00412,9776.67,2026-03-12T10:38:07
LP002079,L00412,9776.67,2026-04-07T10:38:07
LP002080,L00412,9776.67,2026-05-06T10:38:07
LP002081,L00412,9776.67,2026-06-12T10:38:07
LP002082,L00413,12945.33,2025-11-26T10:27:12
LP002083,L00413,12945.33,2025-12-29T10:27:12
LP002084,L00413,12945.33,2026-02-02T10:27:12
LP002085,L00413,12945.33,2026-03-03T10:27:12
LP002086,L00413,12945.33,2026-03-27T10:27:12
LP002087,L00413,12945.33,2026-04-29T10:27:12
LP002088,L00413,12945.33,2026-06-01T10:27:12
LP002089,L00413,12945.33,2026-06-25T10:27:12
LP002090,L00414,6654.67,2026-04-15T11:28:29
LP002091,L00414,6654.67,2026-05-21T11:28:29
LP002092,L00414,6654.67,2026-06-13T11:28:29
LP002093,L00415,11424.0,2026-02-19T12:28:40
LP002094,L00415,11424.0,2026-04-15T12:28:40
LP002095,L00415,11424.0,2026-05-22T12:28:40
LP002096,L00415,11424.0,2026-06-17T12:28:40
LP002097,L00416,3938.67,2025-11-25T16:04:41
LP002098,L00416,3938.67,2025-12-22T16:04:41
LP002099,L00416,3938.67,2026-01-29T16:04:41
LP002100,L00416,3938.67,2026-02-28T16:04:41
LP002101,L00416,3938.67,2026-03-24T16:04:41
LP002102,L00416,3938.67,2026-04-25T16:04:41
LP002103,L00416,3938.67,2026-06-20T16:04:41
LP002104,L00417,12268.67,2025-09-20T16:42:17
LP002105,L00417,12268.67,2025-10-23T16:42:17
LP002106,L00417,12268.67,2025-11-23T16:42:17
LP002107,L00417,12268.67,2025-12-17T16:42:17
LP002108,L00417,12268.67,2026-01-20T16:42:17
LP002109,L00417,12268.67,2026-02-18T16:42:17
LP002110,L00417,12268.67,2026-03-18T16:42:17
LP002111,L00417,12268.67,2026-04-21T16:42:17
LP002112,L00417,12268.67,2026-05-17T16:42:17
LP002113,L00417,12268.67,2026-06-19T16:42:17
LP002114,L00418,47842.67,2025-09-23T08:42:45
LP002115,L00418,47842.67,2025-10-22T08:42:45
LP002116,L00418,47842.67,2025-11-18T08:42:45
LP002117,L00418,47842.67,2025-12-25T08:42:45
LP002118,L00418,47842.67,2026-01-19T08:42:45
LP002119,L00418,47842.67,2026-02-17T08:42:45
LP002120,L00419,17086.22,2025-11-18T14:55:50
LP002121,L00419,17086.22,2025-12-22T14:55:50
LP002122,L00419,17086.22,2026-01-15T14:55:50
LP002123,L00419,17086.22,2026-02-15T14:55:50
LP002124,L00419,17086.22,2026-03-17T14:55:50
LP002125,L00419,17086.22,2026-04-20T14:55:50
LP002126,L00419,17086.22,2026-05-15T14:55:50
LP002127,L00419,17086.22,2026-06-13T14:55:50
LP002128,L00420,6906.67,2026-04-14T08:35:05
LP002129,L00420,6906.67,2026-05-14T08:35:05
LP002130,L00420,6906.67,2026-06-19T08:35:05
LP002131,L00421,2412.67,2025-08-01T09:42:32
LP002132,L00421,2412.67,2025-08-31T09:42:32
LP002133,L00421,2412.67,2025-10-07T09:42:32
LP002134,L00421,2412.67,2025-11-06T09:42:32
LP002135,L00421,2412.67,2025-12-31T09:42:32
LP002136,L00421,2412.67,2026-01-27T09:42:32
LP002137,L00421,2412.67,2026-03-03T09:42:32
LP002138,L00421,2412.67,2026-03-28T09:42:32
LP002139,L00421,2412.67,2026-04-28T09:42:32
LP002140,L00421,2412.67,2026-05-31T09:42:32
LP002141,L00421,2412.67,2026-07-02T09:42:32
LP002142,L00422,42560.0,2026-06-28T08:06:40
LP002143,L00423,5848.89,2026-05-02T09:05:30
LP002144,L00423,5848.89,2026-05-29T09:05:30
LP002145,L00423,5848.89,2026-06-25T09:05:30
LP002146,L00424,2492.0,2025-12-13T09:33:42
LP002147,L00424,2492.0,2026-01-12T09:33:42
LP002148,L00424,2492.0,2026-02-15T09:33:42
LP002149,L00424,2492.0,2026-03-13T09:33:42
LP002150,L00424,2492.0,2026-04-12T09:33:42
LP002151,L00424,2492.0,2026-05-09T09:33:42
LP002152,L00424,2492.0,2026-06-08T09:33:42
LP002153,L00425,1372.0,2026-01-31T11:00:48
LP002154,L00425,1372.0,2026-03-01T11:00:48
LP002155,L00425,1372.0,2026-04-01T11:00:48
LP002156,L00425,1372.0,2026-05-04T11:00:48
LP002157,L00425,1372.0,2026-06-01T11:00:48
LP002158,L00426,5360.44,2026-04-30T14:40:23
LP002159,L00426,5360.44,2026-06-01T14:40:23
LP002160,L00426,5360.44,2026-06-27T14:40:23
LP002161,L00427,8983.33,2026-06-13T11:58:42
LP002162,L00428,35093.33,2025-11-08T08:05:09
LP002163,L00428,35093.33,2025-12-04T08:05:09
LP002164,L00428,35093.33,2026-01-03T08:05:09
LP002165,L00428,35093.33,2026-01-31T08:05:09
LP002166,L00428,35093.33,2026-03-08T08:05:09
LP002167,L00429,27626.67,2025-10-12T16:44:03
LP002168,L00429,27626.67,2025-11-16T16:44:03
LP002169,L00429,27626.67,2025-12-13T16:44:03
LP002170,L00429,27626.67,2026-01-15T16:44:03
LP002171,L00429,27626.67,2026-02-15T16:44:03
LP002172,L00429,27626.67,2026-03-12T16:44:03
LP002173,L00429,27626.67,2026-04-11T16:44:03
LP002174,L00429,27626.67,2026-05-15T16:44:03
LP002175,L00429,27626.67,2026-06-11T16:44:03
LP002176,L00430,4781.78,2026-02-14T12:30:23
LP002177,L00430,4781.78,2026-03-19T12:30:23
LP002178,L00430,4781.78,2026-04-16T12:30:23
LP002179,L00430,4781.78,2026-05-17T12:30:23
LP002180,L00430,4781.78,2026-06-15T12:30:23
LP002181,L00431,5539.33,2025-11-16T10:00:33
LP002182,L00431,5539.33,2025-12-15T10:00:33
LP002183,L00431,5539.33,2026-02-16T10:00:33
LP002184,L00431,5539.33,2026-03-16T10:00:33
LP002185,L00431,5539.33,2026-04-15T10:00:33
LP002186,L00431,5539.33,2026-06-19T10:00:33
LP002187,L00432,10868.67,2026-01-25T12:39:48
LP002188,L00432,10868.67,2026-02-28T12:39:48
LP002189,L00432,10868.67,2026-04-01T12:39:48
LP002190,L00432,10868.67,2026-04-23T12:39:48
LP002191,L00432,10868.67,2026-05-30T12:39:48
LP002192,L00432,10868.67,2026-06-26T12:39:48
LP002193,L00433,9215.11,2026-03-10T14:13:17
LP002194,L00433,9215.11,2026-04-15T14:13:17
LP002195,L00433,9215.11,2026-05-16T14:13:17
LP002196,L00433,9215.11,2026-06-09T14:13:17
LP002197,L00434,3462.67,2026-03-06T15:02:49
LP002198,L00434,3462.67,2026-04-06T15:02:49
LP002199,L00434,3462.67,2026-05-10T15:02:49
LP002200,L00434,3462.67,2026-06-09T15:02:49
LP002201,L00435,7368.67,2026-04-05T14:12:37
LP002202,L00435,7368.67,2026-05-01T14:12:37
LP002203,L00435,7368.67,2026-05-27T14:12:37
LP002204,L00435,7368.67,2026-07-04T14:12:37
LP002205,L00436,11629.33,2026-01-16T10:23:18
LP002206,L00436,11629.33,2026-02-12T10:23:18
LP002207,L00436,11629.33,2026-03-15T10:23:18
LP002208,L00436,11629.33,2026-04-11T10:23:18
LP002209,L00436,11629.33,2026-05-17T10:23:18
LP002210,L00437,3904.44,2025-10-12T10:56:37
LP002211,L00437,3904.44,2025-11-14T10:56:37
LP002212,L00437,3904.44,2025-12-10T10:56:37
LP002213,L00437,3904.44,2026-01-06T10:56:37
LP002214,L00437,3904.44,2026-02-13T10:56:37
LP002215,L00437,3904.44,2026-03-11T10:56:37
LP002216,L00437,3904.44,2026-04-11T10:56:37
LP002217,L00437,3904.44,2026-05-09T10:56:37
LP002218,L00437,3904.44,2026-06-12T10:56:37
LP002219,L00438,16899.56,2025-08-13T14:24:01
LP002220,L00438,16899.56,2025-09-04T14:24:01
LP002221,L00438,16899.56,2025-10-09T14:24:01
LP002222,L00438,16899.56,2025-11-09T14:24:01
LP002223,L00438,16899.56,2025-12-03T14:24:01
LP002224,L00438,16899.56,2026-01-09T14:24:01
LP002225,L00438,16899.56,2026-03-04T14:24:01
LP002226,L00438,16899.56,2026-04-10T14:24:01
LP002227,L00438,16899.56,2026-05-09T14:24:01
LP002228,L00438,16899.56,2026-06-05T14:24:01
LP002229,L00439,8860.44,2025-10-14T12:47:03
LP002230,L00439,8860.44,2025-11-12T12:47:03
LP002231,L00439,8860.44,2025-12-13T12:47:03
LP002232,L00439,8860.44,2026-01-04T12:47:03
LP002233,L00439,8860.44,2026-02-06T12:47:03
LP002234,L00439,8860.44,2026-03-10T12:47:03
LP002235,L00439,8860.44,2026-05-11T12:47:03
LP002236,L00439,8860.44,2026-06-07T12:47:03
LP002237,L00440,7616.0,2026-04-18T13:42:22
LP002238,L00440,7616.0,2026-06-24T13:42:22
LP002239,L00441,1704.89,2026-04-01T13:40:39
LP002240,L00441,1704.89,2026-05-04T13:40:39
LP002241,L00441,1704.89,2026-06-07T13:40:39
LP002242,L00442,1474.67,2026-06-23T12:07:14
LP002243,L00443,10378.67,2026-06-06T11:48:51
LP002244,L00444,21130.67,2026-03-22T13:15:00
LP002245,L00444,21130.67,2026-04-24T13:15:00
LP002246,L00444,21130.67,2026-05-28T13:15:00
LP002247,L00444,21130.67,2026-06-27T13:15:00
LP002248,L00445,2216.67,2026-01-11T08:32:16
LP002249,L00445,2216.67,2026-02-08T08:32:16
LP002250,L00445,2216.67,2026-03-15T08:32:16
LP002251,L00445,2216.67,2026-04-16T08:32:16
LP002252,L00445,2216.67,2026-05-15T08:32:16
LP002253,L00445,2216.67,2026-06-14T08:32:16
LP002254,L00446,7469.78,2025-08-11T08:30:06
LP002255,L00446,7469.78,2025-09-09T08:30:06
LP002256,L00446,7469.78,2025-10-10T08:30:06
LP002257,L00446,7469.78,2025-11-09T08:30:06
LP002258,L00446,7469.78,2025-12-14T08:30:06
LP002259,L00446,7469.78,2026-02-07T08:30:06
LP002260,L00446,7469.78,2026-03-12T08:30:06
LP002261,L00446,7469.78,2026-04-14T08:30:06
LP002262,L00446,7469.78,2026-05-10T08:30:06
LP002263,L00446,7469.78,2026-06-06T08:30:06
LP002264,L00447,5693.33,2025-09-25T10:49:23
LP002265,L00447,5693.33,2025-10-23T10:49:23
LP002266,L00447,5693.33,2025-11-23T10:49:23
LP002267,L00447,5693.33,2025-12-19T10:49:23
LP002268,L00447,5693.33,2026-01-23T10:49:23
LP002269,L00447,5693.33,2026-02-21T10:49:23
LP002270,L00447,5693.33,2026-03-24T10:49:23
LP002271,L00447,5693.33,2026-04-16T10:49:23
LP002272,L00447,5693.33,2026-05-20T10:49:23
LP002273,L00447,5693.33,2026-06-15T10:49:23
LP002274,L00448,1630.22,2025-09-16T15:20:11
LP002275,L00448,1630.22,2025-10-17T15:20:11
LP002276,L00448,1630.22,2025-11-12T15:20:11
LP002277,L00448,1630.22,2025-12-14T15:20:11
LP002278,L00448,1630.22,2026-03-12T15:20:11
LP002279,L00448,1630.22,2026-05-15T15:20:11
LP002280,L00448,1630.22,2026-06-13T15:20:11
LP002281,L00449,3052.0,2025-09-28T13:00:28
LP002282,L00449,3052.0,2025-10-31T13:00:28
LP002283,L00449,3052.0,2025-11-25T13:00:28
LP002284,L00449,3052.0,2026-01-01T13:00:28
LP002285,L00449,3052.0,2026-01-28T13:00:28
LP002286,L00449,3052.0,2026-03-01T13:00:28
LP002287,L00449,3052.0,2026-03-30T13:00:28
LP002288,L00449,3052.0,2026-04-28T13:00:28
LP002289,L00449,3052.0,2026-05-23T13:00:28
LP002290,L00449,3052.0,2026-06-23T13:00:28
LP002291,L00450,15823.11,2026-06-24T12:26:35
LP002292,L00451,12567.33,2026-03-24T11:44:31
LP002293,L00451,12567.33,2026-04-20T11:44:31
LP002294,L00451,12567.33,2026-05-22T11:44:31
LP002295,L00451,12567.33,2026-06-20T11:44:31
LP002296,L00452,16445.33,2025-09-14T11:55:48
LP002297,L00452,16445.33,2025-10-10T11:55:48
LP002298,L00452,16445.33,2025-11-09T11:55:48
LP002299,L00452,16445.33,2025-12-11T11:55:48
LP002300,L00452,16445.33,2026-01-09T11:55:48
LP002301,L00452,16445.33,2026-02-07T11:55:48
LP002302,L00453,50904.0,2026-03-23T15:34:10
LP002303,L00453,50904.0,2026-04-18T15:34:10
LP002304,L00453,50904.0,2026-05-23T15:34:10
LP002305,L00453,50904.0,2026-06-16T15:34:10
LP002306,L00454,11909.33,2025-12-22T11:13:35
LP002307,L00454,11909.33,2026-01-19T11:13:35
LP002308,L00454,11909.33,2026-02-24T11:13:35
LP002309,L00454,11909.33,2026-03-18T11:13:35
LP002310,L00454,11909.33,2026-04-24T11:13:35
LP002311,L00454,11909.33,2026-05-19T11:13:35
LP002312,L00455,1675.33,2025-10-29T09:51:07
LP002313,L00455,1675.33,2025-11-26T09:51:07
LP002314,L00455,1675.33,2025-12-24T09:51:07
LP002315,L00455,1675.33,2026-01-31T09:51:07
LP002316,L00455,1675.33,2026-02-22T09:51:07
LP002317,L00455,1675.33,2026-03-25T09:51:07
LP002318,L00455,1675.33,2026-04-23T09:51:07
LP002319,L00455,1675.33,2026-05-27T09:51:07
LP002320,L00456,4293.33,2026-01-23T14:48:23
LP002321,L00456,4293.33,2026-02-26T14:48:23
LP002322,L00456,4293.33,2026-03-28T14:48:23
LP002323,L00456,4293.33,2026-04-22T14:48:23
LP002324,L00456,4293.33,2026-05-27T14:48:23
LP002325,L00456,4293.33,2026-06-21T14:48:23
LP002326,L00457,14566.22,2025-11-11T08:19:28
LP002327,L00457,14566.22,2025-12-08T08:19:28
LP002328,L00457,14566.22,2026-01-07T08:19:28
LP002329,L00457,14566.22,2026-02-05T08:19:28
LP002330,L00457,14566.22,2026-04-08T08:19:28
LP002331,L00457,14566.22,2026-06-10T08:19:28
LP002332,L00458,12852.0,2026-05-30T14:49:22
LP002333,L00458,12852.0,2026-06-23T14:49:22
LP002334,L00459,23510.67,2026-05-01T16:28:48
LP002335,L00459,23510.67,2026-05-29T16:28:48
LP002336,L00459,23510.67,2026-07-03T16:28:48
LP002337,L00460,51949.33,2026-05-21T08:36:51
LP002338,L00460,51949.33,2026-06-22T08:36:51
LP002339,L00461,11284.0,2025-11-07T08:04:00
LP002340,L00461,11284.0,2025-12-11T08:04:00
LP002341,L00461,11284.0,2026-01-08T08:04:00
LP002342,L00461,11284.0,2026-02-05T08:04:00
LP002343,L00461,11284.0,2026-03-06T08:04:00
LP002344,L00461,11284.0,2026-04-11T08:04:00
LP002345,L00461,11284.0,2026-06-05T08:04:00
LP002346,L00462,18358.67,2026-03-24T11:22:15
LP002347,L00462,18358.67,2026-04-28T11:22:15
LP002348,L00462,18358.67,2026-05-27T11:22:15
LP002349,L00463,55328.0,2026-02-24T09:34:56
LP002350,L00463,55328.0,2026-03-26T09:34:56
LP002351,L00463,55328.0,2026-05-22T09:34:56
LP002352,L00463,55328.0,2026-06-27T09:34:56
LP002353,L00464,41832.0,2025-11-28T15:53:36
LP002354,L00464,41832.0,2025-12-26T15:53:36
LP002355,L00464,41832.0,2026-01-26T15:53:36
LP002356,L00464,41832.0,2026-02-24T15:53:36
LP002357,L00464,41832.0,2026-03-21T15:53:36
LP002358,L00464,41832.0,2026-04-28T15:53:36
LP002359,L00465,8792.0,2026-04-19T13:29:36
LP002360,L00465,8792.0,2026-05-18T13:29:36
LP002361,L00465,8792.0,2026-06-18T13:29:36
LP002362,L00466,7998.67,2026-06-10T09:38:11
LP002363,L00467,12226.67,2025-10-21T14:08:02
LP002364,L00467,12226.67,2025-11-19T14:08:02
LP002365,L00467,12226.67,2025-12-20T14:08:02
LP002366,L00467,12226.67,2026-02-14T14:08:02
LP002367,L00467,12226.67,2026-03-21T14:08:02
LP002368,L00467,12226.67,2026-04-21T14:08:02
LP002369,L00467,12226.67,2026-05-22T14:08:02
LP002370,L00467,12226.67,2026-06-19T14:08:02
LP002371,L00468,4728.89,2025-09-13T16:22:56
LP002372,L00468,4728.89,2025-10-09T16:22:56
LP002373,L00468,4728.89,2025-11-09T16:22:56
LP002374,L00468,4728.89,2025-12-15T16:22:56
LP002375,L00468,4728.89,2026-01-11T16:22:56
LP002376,L00468,4728.89,2026-02-11T16:22:56
LP002377,L00468,4728.89,2026-03-08T16:22:56
LP002378,L00468,4728.89,2026-04-08T16:22:56
LP002379,L00468,4728.89,2026-05-12T16:22:56
LP002380,L00468,4728.89,2026-06-13T16:22:56
LP002381,L00469,10210.67,2025-10-02T11:23:40
LP002382,L00469,10210.67,2025-11-03T11:23:40
LP002383,L00469,10210.67,2025-11-30T11:23:40
LP002384,L00469,10210.67,2025-12-31T11:23:40
LP002385,L00469,10210.67,2026-01-29T11:23:40
LP002386,L00469,10210.67,2026-02-25T11:23:40
LP002387,L00469,10210.67,2026-03-27T11:23:40
LP002388,L00469,10210.67,2026-04-30T11:23:40
LP002389,L00469,10210.67,2026-06-02T11:23:40
LP002390,L00469,10210.67,2026-06-26T11:23:40
LP002391,L00470,55066.67,2026-04-12T14:41:57
LP002392,L00471,12898.67,2025-12-18T08:44:42
LP002393,L00471,12898.67,2026-01-18T08:44:42
LP002394,L00471,12898.67,2026-02-15T08:44:42
LP002395,L00471,12898.67,2026-03-21T08:44:42
LP002396,L00471,12898.67,2026-04-18T08:44:42
LP002397,L00471,12898.67,2026-05-20T08:44:42
LP002398,L00471,12898.67,2026-06-17T08:44:42
LP002399,L00472,3123.56,2025-08-12T08:11:59
LP002400,L00472,3123.56,2025-09-09T08:11:59
LP002401,L00472,3123.56,2025-10-11T08:11:59
LP002402,L00472,3123.56,2025-11-08T08:11:59
LP002403,L00472,3123.56,2025-12-12T08:11:59
LP002404,L00472,3123.56,2026-01-06T08:11:59
LP002405,L00472,3123.56,2026-02-07T08:11:59
LP002406,L00472,3123.56,2026-04-06T08:11:59
LP002407,L00472,3123.56,2026-05-09T08:11:59
LP002408,L00472,3123.56,2026-06-05T08:11:59
LP002409,L00473,14233.33,2026-04-27T10:51:41
LP002410,L00473,14233.33,2026-05-28T10:51:41
LP002411,L00474,11648.0,2026-03-25T13:04:28
LP002412,L00474,11648.0,2026-04-23T13:04:28
LP002413,L00474,11648.0,2026-05-30T13:04:28
LP002414,L00474,11648.0,2026-06-26T13:04:28
LP002415,L00475,7158.67,2026-05-06T11:21:38
LP002416,L00475,7158.67,2026-06-02T11:21:38
LP002417,L00476,24546.67,2026-05-26T11:00:56
LP002418,L00476,24546.67,2026-06-19T11:00:56
LP002419,L00477,6276.67,2026-04-15T13:32:07
LP002420,L00477,6276.67,2026-05-08T13:32:07
LP002421,L00477,6276.67,2026-06-07T13:32:07
LP002422,L00478,4610.67,2026-04-22T12:09:13
LP002423,L00478,4610.67,2026-05-18T12:09:13
LP002424,L00478,4610.67,2026-06-16T12:09:13
LP002425,L00479,4607.56,2025-11-04T15:34:31
LP002426,L00479,4607.56,2025-12-03T15:34:31
LP002427,L00479,4607.56,2026-01-09T15:34:31
LP002428,L00479,4607.56,2026-02-03T15:34:31
LP002429,L00479,4607.56,2026-03-04T15:34:31
LP002430,L00479,4607.56,2026-04-02T15:34:31
LP002431,L00479,4607.56,2026-06-08T15:34:31
LP002432,L00480,5015.11,2026-01-09T16:04:38
LP002433,L00480,5015.11,2026-02-11T16:04:38
LP002434,L00480,5015.11,2026-03-05T16:04:38
LP002435,L00480,5015.11,2026-05-05T16:04:38
LP002436,L00480,5015.11,2026-06-03T16:04:38
LP002437,L00481,1008.0,2025-09-25T10:56:56
LP002438,L00481,1008.0,2025-10-19T10:56:56
LP002439,L00481,1008.0,2025-11-23T10:56:56
LP002440,L00481,1008.0,2025-12-24T10:56:56
LP002441,L00481,1008.0,2026-01-21T10:56:56
LP002442,L00481,1008.0,2026-02-23T10:56:56
LP002443,L00481,1008.0,2026-03-22T10:56:56
LP002444,L00481,1008.0,2026-04-23T10:56:56
LP002445,L00481,1008.0,2026-05-24T10:56:56
LP002446,L00481,1008.0,2026-06-15T10:56:56
LP002447,L00482,16992.89,2025-12-10T15:15:41
LP002448,L00482,16992.89,2026-01-17T15:15:41
LP002449,L00482,16992.89,2026-02-09T15:15:41
LP002450,L00482,16992.89,2026-03-17T15:15:41
LP002451,L00482,16992.89,2026-04-11T15:15:41
LP002452,L00482,16992.89,2026-05-12T15:15:41
LP002453,L00482,16992.89,2026-06-12T15:15:41
LP002454,L00483,13155.33,2025-12-19T14:38:41
LP002455,L00483,13155.33,2026-01-18T14:38:41
LP002456,L00483,13155.33,2026-02-19T14:38:41
LP002457,L00483,13155.33,2026-03-18T14:38:41
LP002458,L00483,13155.33,2026-04-22T14:38:41
LP002459,L00483,13155.33,2026-05-21T14:38:41
LP002460,L00483,13155.33,2026-06-14T14:38:41
LP002461,L00484,2100.0,2026-02-25T13:49:12
LP002462,L00484,2100.0,2026-03-25T13:49:12
LP002463,L00484,2100.0,2026-05-21T13:49:12
LP002464,L00484,2100.0,2026-06-23T13:49:12
LP002465,L00485,5372.89,2026-01-06T09:15:50
LP002466,L00485,5372.89,2026-02-10T09:15:50
LP002467,L00485,5372.89,2026-03-10T09:15:50
LP002468,L00485,5372.89,2026-04-06T09:15:50
LP002469,L00485,5372.89,2026-05-14T09:15:50
LP002470,L00485,5372.89,2026-06-06T09:15:50
LP002471,L00486,26292.0,2026-06-11T12:20:51
LP002472,L00487,13505.33,2026-06-05T11:22:48
LP002473,L00488,18305.78,2026-05-02T15:10:44
LP002474,L00488,18305.78,2026-05-25T15:10:44
LP002475,L00489,6670.22,2026-01-29T09:53:47
LP002476,L00489,6670.22,2026-04-02T09:53:47
LP002477,L00489,6670.22,2026-05-06T09:53:47
LP002478,L00489,6670.22,2026-05-28T09:53:47
LP002479,L00489,6670.22,2026-06-28T09:53:47
LP002480,L00490,25629.33,2025-10-04T15:34:55
LP002481,L00490,25629.33,2025-11-07T15:34:55
LP002482,L00490,25629.33,2025-11-30T15:34:55
LP002483,L00490,25629.33,2026-01-02T15:34:55
LP002484,L00490,25629.33,2026-02-04T15:34:55
LP002485,L00490,25629.33,2026-03-08T15:34:55
LP002486,L00491,13118.0,2025-08-11T15:53:19
LP002487,L00491,13118.0,2025-09-09T15:53:19
LP002488,L00491,13118.0,2025-10-09T15:53:19
LP002489,L00491,13118.0,2025-12-12T15:53:19
LP002490,L00491,13118.0,2026-01-12T15:53:19
LP002491,L00491,13118.0,2026-02-06T15:53:19
LP002492,L00491,13118.0,2026-03-07T15:53:19
LP002493,L00491,13118.0,2026-04-09T15:53:19
LP002494,L00491,13118.0,2026-05-09T15:53:19
LP002495,L00491,13118.0,2026-06-11T15:53:19
LP002496,L00492,863.33,2025-08-06T13:12:53
LP002497,L00492,863.33,2025-08-31T13:12:53
LP002498,L00492,863.33,2025-10-06T13:12:53
LP002499,L00492,863.33,2025-11-04T13:12:53
LP002500,L00492,863.33,2025-12-03T13:12:53
LP002501,L00492,863.33,2025-12-29T13:12:53
LP002502,L00492,863.33,2026-02-05T13:12:53
LP002503,L00492,863.33,2026-02-28T13:12:53
LP002504,L00492,863.33,2026-04-04T13:12:53
LP002505,L00492,863.33,2026-05-05T13:12:53
LP002506,L00492,863.33,2026-06-04T13:12:53
LP002507,L00492,863.33,2026-06-30T13:12:53
LP002508,L00493,24350.67,2026-05-13T16:18:12
LP002509,L00493,24350.67,2026-06-09T16:18:12
LP002510,L00494,3509.33,2026-05-19T08:55:13
LP002511,L00494,3509.33,2026-06-18T08:55:13
LP002512,L00495,8045.33,2026-04-18T13:28:27
LP002513,L00495,8045.33,2026-05-17T13:28:27
LP002514,L00495,8045.33,2026-06-18T13:28:27
LP002515,L00496,14102.67,2025-10-07T08:15:46
LP002516,L00496,14102.67,2025-11-07T08:15:46
LP002517,L00496,14102.67,2025-12-04T08:15:46
LP002518,L00496,14102.67,2026-01-05T08:15:46
LP002519,L00496,14102.67,2026-02-01T08:15:46
LP002520,L00496,14102.67,2026-03-10T08:15:46
LP002521,L00496,14102.67,2026-04-07T08:15:46
LP002522,L00496,14102.67,2026-05-07T08:15:46
LP002523,L00496,14102.67,2026-06-03T08:15:46
LP002524,L00497,10845.33,2026-01-25T12:08:01
LP002525,L00497,10845.33,2026-02-23T12:08:01
LP002526,L00497,10845.33,2026-03-27T12:08:01
LP002527,L00497,10845.33,2026-05-22T12:08:01
LP002528,L00497,10845.33,2026-06-26T12:08:01
LP002529,L00498,54133.33,2025-10-02T12:22:23
LP002530,L00498,54133.33,2025-11-27T12:22:23
LP002531,L00498,54133.33,2026-01-25T12:22:23
LP002532,L00498,54133.33,2026-02-27T12:22:23
LP002533,L00499,2776.67,2026-02-19T08:55:21
LP002534,L00499,2776.67,2026-03-22T08:55:21
LP002535,L00499,2776.67,2026-04-23T08:55:21
LP002536,L00499,2776.67,2026-05-24T08:55:21
LP002537,L00499,2776.67,2026-06-22T08:55:21
LP002538,L00500,3506.22,2025-09-15T08:45:21
LP002539,L00500,3506.22,2025-10-11T08:45:21
LP002540,L00500,3506.22,2025-11-16T08:45:21
LP002541,L00500,3506.22,2025-12-12T08:45:21
LP002542,L00500,3506.22,2026-01-13T08:45:21
LP002543,L00500,3506.22,2026-02-12T08:45:21
LP002544,L00500,3506.22,2026-03-09T08:45:21
LP002545,L00500,3506.22,2026-04-09T08:45:21
LP002546,L00500,3506.22,2026-05-09T08:45:21
LP002547,L00500,3506.22,2026-06-10T08:45:21
LP002548,L00501,1661.33,2026-01-23T16:28:05
LP002549,L00501,1661.33,2026-02-21T16:28:05
LP002550,L00501,1661.33,2026-05-28T16:28:05
LP002551,L00501,1661.33,2026-06-27T16:28:05
LP002552,L00502,37576.0,2025-10-02T14:31:20
LP002553,L00502,37576.0,2025-11-06T14:31:20
LP002554,L00502,37576.0,2025-12-07T14:31:20
LP002555,L00502,37576.0,2026-01-04T14:31:20
LP002556,L00502,37576.0,2026-02-05T14:31:20
LP002557,L00502,37576.0,2026-03-07T14:31:20
LP002558,L00503,11809.78,2026-03-11T16:53:58
LP002559,L00503,11809.78,2026-04-16T16:53:58
LP002560,L00503,11809.78,2026-05-13T16:53:58
LP002561,L00503,11809.78,2026-06-09T16:53:58
LP002562,L00504,3224.67,2026-01-23T15:11:55
LP002563,L00504,3224.67,2026-02-28T15:11:55
LP002564,L00504,3224.67,2026-04-29T15:11:55
LP002565,L00504,3224.67,2026-05-23T15:11:55
LP002566,L00504,3224.67,2026-06-28T15:11:55
LP002567,L00505,12609.33,2025-08-27T14:43:06
LP002568,L00505,12609.33,2025-09-22T14:43:06
LP002569,L00505,12609.33,2025-11-21T14:43:06
LP002570,L00505,12609.33,2025-12-22T14:43:06
LP002571,L00505,12609.33,2026-01-19T14:43:06
LP002572,L00505,12609.33,2026-02-21T14:43:06
LP002573,L00505,12609.33,2026-03-27T14:43:06
LP002574,L00505,12609.33,2026-04-18T14:43:06
LP002575,L00505,12609.33,2026-05-20T14:43:06
LP002576,L00505,12609.33,2026-06-23T14:43:06
LP002577,L00506,2843.56,2025-12-03T08:17:33
LP002578,L00506,2843.56,2026-01-01T08:17:33
LP002579,L00506,2843.56,2026-01-31T08:17:33
LP002580,L00506,2843.56,2026-03-04T08:17:33
LP002581,L00506,2843.56,2026-04-07T08:17:33
LP002582,L00506,2843.56,2026-05-06T08:17:33
LP002583,L00506,2843.56,2026-06-06T08:17:33
LP002584,L00507,7354.67,2025-10-30T08:28:32
LP002585,L00507,7354.67,2025-12-05T08:28:32
LP002586,L00507,7354.67,2026-01-05T08:28:32
LP002587,L00507,7354.67,2026-02-03T08:28:32
LP002588,L00507,7354.67,2026-03-03T08:28:32
LP002589,L00507,7354.67,2026-04-06T08:28:32
LP002590,L00507,7354.67,2026-04-29T08:28:32
LP002591,L00507,7354.67,2026-05-29T08:28:32
LP002592,L00507,7354.67,2026-06-27T08:28:32
LP002593,L00508,8194.67,2025-10-04T11:18:12
LP002594,L00508,8194.67,2025-11-03T11:18:12
LP002595,L00508,8194.67,2025-12-10T11:18:12
LP002596,L00508,8194.67,2026-01-09T11:18:12
LP002597,L00508,8194.67,2026-02-02T11:18:12
LP002598,L00508,8194.67,2026-03-04T11:18:12
LP002599,L00508,8194.67,2026-04-02T11:18:12
LP002600,L00508,8194.67,2026-05-07T11:18:12
LP002601,L00508,8194.67,2026-06-03T11:18:12
LP002602,L00509,3901.33,2026-01-10T15:32:22
LP002603,L00509,3901.33,2026-02-12T15:32:22
LP002604,L00509,3901.33,2026-03-15T15:32:22
LP002605,L00509,3901.33,2026-04-13T15:32:22
LP002606,L00509,3901.33,2026-05-11T15:32:22
LP002607,L00509,3901.33,2026-06-08T15:32:22
LP002608,L00510,1225.78,2025-09-12T10:10:28
LP002609,L00510,1225.78,2025-10-17T10:10:28
LP002610,L00510,1225.78,2025-11-15T10:10:28
LP002611,L00510,1225.78,2025-12-10T10:10:28
LP002612,L00510,1225.78,2026-01-09T10:10:28
LP002613,L00510,1225.78,2026-02-08T10:10:28
LP002614,L00510,1225.78,2026-03-12T10:10:28
LP002615,L00510,1225.78,2026-04-08T10:10:28
LP002616,L00510,1225.78,2026-05-10T10:10:28
LP002617,L00510,1225.78,2026-06-15T10:10:28
LP002618,L00511,50792.0,2026-05-25T14:02:43
LP002619,L00511,50792.0,2026-06-26T14:02:43
LP002620,L00512,2660.0,2026-06-11T13:20:43
LP002621,L00513,1312.89,2025-10-03T16:47:10
LP002622,L00513,1312.89,2025-11-06T16:47:10
LP002623,L00513,1312.89,2025-12-05T16:47:10
LP002624,L00513,1312.89,2025-12-30T16:47:10
LP002625,L00513,1312.89,2026-02-04T16:47:10
LP002626,L00513,1312.89,2026-03-02T16:47:10
LP002627,L00513,1312.89,2026-04-01T16:47:10
LP002628,L00513,1312.89,2026-04-29T16:47:10
LP002629,L00513,1312.89,2026-06-04T16:47:10
LP002630,L00513,1312.89,2026-07-04T16:47:10
LP002631,L00514,5021.33,2025-10-12T14:19:12
LP002632,L00514,5021.33,2025-11-12T14:19:12
LP002633,L00514,5021.33,2025-12-10T14:19:12
LP002634,L00514,5021.33,2026-01-13T14:19:12
LP002635,L00514,5021.33,2026-03-13T14:19:12
LP002636,L00514,5021.33,2026-04-14T14:19:12
LP002637,L00514,5021.33,2026-05-13T14:19:12
LP002638,L00514,5021.33,2026-06-08T14:19:12
LP002639,L00515,4363.33,2026-02-27T09:33:49
LP002640,L00515,4363.33,2026-03-29T09:33:49
LP002641,L00515,4363.33,2026-04-25T09:33:49
LP002642,L00515,4363.33,2026-05-24T09:33:49
LP002643,L00515,4363.33,2026-06-22T09:33:49
LP002644,L00516,4299.56,2026-04-12T14:56:06
LP002645,L00516,4299.56,2026-05-06T14:56:06
LP002646,L00516,4299.56,2026-06-11T14:56:06
LP002647,L00517,47189.33,2025-09-20T14:15:57
LP002648,L00517,47189.33,2025-11-19T14:15:57
LP002649,L00517,47189.33,2025-12-20T14:15:57
LP002650,L00517,47189.33,2026-01-17T14:15:57
LP002651,L00518,2431.33,2026-05-15T15:19:32
LP002652,L00518,2431.33,2026-06-11T15:19:32
LP002653,L00519,32984.0,2026-03-18T16:46:37
LP002654,L00519,32984.0,2026-04-22T16:46:37
LP002655,L00519,32984.0,2026-05-20T16:46:37
LP002656,L00519,32984.0,2026-06-17T16:46:37
LP002657,L00520,4564.0,2025-08-06T15:00:19
LP002658,L00520,4564.0,2025-09-01T15:00:19
LP002659,L00520,4564.0,2025-11-06T15:00:19
LP002660,L00520,4564.0,2025-12-04T15:00:19
LP002661,L00520,4564.0,2026-01-05T15:00:19
LP002662,L00520,4564.0,2026-01-30T15:00:19
LP002663,L00520,4564.0,2026-03-02T15:00:19
LP002664,L00520,4564.0,2026-03-30T15:00:19
LP002665,L00520,4564.0,2026-04-30T15:00:19
LP002666,L00520,4564.0,2026-06-05T15:00:19
LP002667,L00521,11610.67,2025-12-04T13:44:45
LP002668,L00521,11610.67,2026-01-05T13:44:45
LP002669,L00521,11610.67,2026-02-05T13:44:45
LP002670,L00521,11610.67,2026-03-03T13:44:45
LP002671,L00521,11610.67,2026-04-03T13:44:45
LP002672,L00521,11610.67,2026-05-06T13:44:45
LP002673,L00522,8620.89,2025-10-12T12:09:19
LP002674,L00522,8620.89,2025-11-10T12:09:19
LP002675,L00522,8620.89,2026-01-12T12:09:19
LP002676,L00522,8620.89,2026-02-08T12:09:19
LP002677,L00522,8620.89,2026-03-07T12:09:19
LP002678,L00522,8620.89,2026-04-12T12:09:19
LP002679,L00522,8620.89,2026-05-08T12:09:19
LP002680,L00522,8620.89,2026-06-10T12:09:19
LP002681,L00523,53778.67,2026-01-17T10:42:55
LP002682,L00523,53778.67,2026-03-17T10:42:55
LP002683,L00523,53778.67,2026-04-09T10:42:55
LP002684,L00523,53778.67,2026-05-15T10:42:55
LP002685,L00523,53778.67,2026-06-10T10:42:55
LP002686,L00524,15362.67,2026-06-12T12:38:10
LP002687,L00525,10462.67,2026-03-22T12:27:39
LP002688,L00525,10462.67,2026-04-21T12:27:39
LP002689,L00525,10462.67,2026-05-24T12:27:39
LP002690,L00525,10462.67,2026-06-25T12:27:39
LP002691,L00526,6570.67,2025-09-28T10:33:26
LP002692,L00526,6570.67,2025-10-30T10:33:26
LP002693,L00526,6570.67,2025-11-23T10:33:26
LP002694,L00526,6570.67,2025-12-24T10:33:26
LP002695,L00526,6570.67,2026-01-27T10:33:26
LP002696,L00526,6570.67,2026-03-01T10:33:26
LP002697,L00527,7112.0,2026-02-02T13:13:30
LP002698,L00527,7112.0,2026-04-01T13:13:30
LP002699,L00527,7112.0,2026-05-04T13:13:30
LP002700,L00527,7112.0,2026-06-05T13:13:30
LP002701,L00527,7112.0,2026-07-01T13:13:30
LP002702,L00528,1132.44,2026-02-21T10:21:16
LP002703,L00528,1132.44,2026-03-25T10:21:16
LP002704,L00528,1132.44,2026-04-25T10:21:16
LP002705,L00528,1132.44,2026-05-27T10:21:16
LP002706,L00528,1132.44,2026-06-19T10:21:16
LP002707,L00529,9086.0,2025-10-08T16:40:25
LP002708,L00529,9086.0,2025-12-06T16:40:25
LP002709,L00529,9086.0,2026-01-31T16:40:25
LP002710,L00529,9086.0,2026-03-06T16:40:25
LP002711,L00529,9086.0,2026-05-02T16:40:25
LP002712,L00529,9086.0,2026-06-04T16:40:25
LP002713,L00530,868.0,2026-03-31T09:04:11
LP002714,L00530,868.0,2026-05-01T09:04:11
LP002715,L00530,868.0,2026-06-04T09:04:11
LP002716,L00531,314.22,2025-11-25T16:32:34
LP002717,L00531,314.22,2025-12-29T16:32:34
LP002718,L00531,314.22,2026-01-28T16:32:34
LP002719,L00531,314.22,2026-02-28T16:32:34
LP002720,L00531,314.22,2026-03-26T16:32:34
LP002721,L00531,314.22,2026-04-25T16:32:34
LP002722,L00531,314.22,2026-06-01T16:32:34
LP002723,L00531,314.22,2026-07-01T16:32:34
LP002724,L00532,6023.11,2026-03-04T16:42:07
LP002725,L00532,6023.11,2026-04-10T16:42:07
LP002726,L00532,6023.11,2026-05-06T16:42:07
LP002727,L00532,6023.11,2026-06-04T16:42:07
LP002728,L00533,5329.33,2026-01-20T11:14:10
LP002729,L00533,5329.33,2026-02-19T11:14:10
LP002730,L00533,5329.33,2026-04-17T11:14:10
LP002731,L00533,5329.33,2026-05-18T11:14:10
LP002732,L00533,5329.33,2026-06-17T11:14:10
LP002733,L00534,27169.33,2025-11-04T08:01:59
LP002734,L00534,27169.33,2025-12-06T08:01:59
LP002735,L00534,27169.33,2026-01-11T08:01:59
LP002736,L00534,27169.33,2026-02-02T08:01:59
LP002737,L00534,27169.33,2026-03-06T08:01:59
LP002738,L00534,27169.33,2026-05-07T08:01:59
LP002739,L00534,27169.33,2026-06-08T08:01:59
LP002740,L00535,7616.0,2025-08-28T15:51:55
LP002741,L00535,7616.0,2025-09-29T15:51:55
LP002742,L00535,7616.0,2025-10-27T15:51:55
LP002743,L00535,7616.0,2025-12-30T15:51:55
LP002744,L00535,7616.0,2026-01-27T15:51:55
LP002745,L00535,7616.0,2026-02-28T15:51:55
LP002746,L00535,7616.0,2026-03-28T15:51:55
LP002747,L00535,7616.0,2026-04-25T15:51:55
LP002748,L00535,7616.0,2026-05-28T15:51:55
LP002749,L00535,7616.0,2026-06-28T15:51:55
LP002750,L00536,30090.67,2025-11-24T13:18:19
LP002751,L00536,30090.67,2025-12-24T13:18:19
LP002752,L00536,30090.67,2026-01-21T13:18:19
LP002753,L00536,30090.67,2026-02-15T13:18:19
LP002754,L00536,30090.67,2026-03-18T13:18:19
LP002755,L00536,30090.67,2026-04-20T13:18:19
LP002756,L00537,8860.44,2025-11-02T14:48:25
LP002757,L00537,8860.44,2025-12-04T14:48:25
LP002758,L00537,8860.44,2025-12-27T14:48:25
LP002759,L00537,8860.44,2026-01-28T14:48:25
LP002760,L00537,8860.44,2026-03-04T14:48:25
LP002761,L00537,8860.44,2026-05-03T14:48:25
LP002762,L00537,8860.44,2026-05-25T14:48:25
LP002763,L00537,8860.44,2026-06-24T14:48:25
LP002764,L00538,6570.67,2025-11-25T08:34:48
LP002765,L00538,6570.67,2025-12-23T08:34:48
LP002766,L00538,6570.67,2026-01-23T08:34:48
LP002767,L00538,6570.67,2026-02-20T08:34:48
LP002768,L00538,6570.67,2026-03-23T08:34:48
LP002769,L00538,6570.67,2026-04-25T08:34:48
LP002770,L00539,35298.67,2026-05-09T09:16:49
LP002771,L00539,35298.67,2026-06-08T09:16:49
LP002772,L00540,4536.0,2025-10-06T11:13:37
LP002773,L00540,4536.0,2025-11-06T11:13:37
LP002774,L00540,4536.0,2025-12-07T11:13:37
LP002775,L00540,4536.0,2026-01-01T11:13:37
LP002776,L00540,4536.0,2026-01-28T11:13:37
LP002777,L00540,4536.0,2026-03-05T11:13:37
LP002778,L00541,13160.0,2025-11-15T11:28:44
LP002779,L00541,13160.0,2025-12-10T11:28:44
LP002780,L00541,13160.0,2026-01-12T11:28:44
LP002781,L00541,13160.0,2026-02-08T11:28:44
LP002782,L00541,13160.0,2026-03-14T11:28:44
LP002783,L00541,13160.0,2026-04-12T11:28:44
LP002784,L00541,13160.0,2026-06-07T11:28:44
LP002785,L00542,10677.33,2026-05-28T11:35:41
LP002786,L00542,10677.33,2026-06-21T11:35:41
LP002787,L00543,4125.33,2026-04-19T12:00:56
LP002788,L00543,4125.33,2026-05-21T12:00:56
LP002789,L00543,4125.33,2026-06-22T12:00:56
LP002790,L00544,1064.0,2026-03-16T13:28:26
LP002791,L00544,1064.0,2026-04-14T13:28:26
LP002792,L00544,1064.0,2026-06-14T13:28:26
LP002793,L00545,4147.11,2026-04-16T14:36:34
LP002794,L00545,4147.11,2026-05-20T14:36:34
LP002795,L00545,4147.11,2026-06-17T14:36:34
LP002796,L00546,5111.56,2025-09-07T14:56:23
LP002797,L00546,5111.56,2025-10-03T14:56:23
LP002798,L00546,5111.56,2025-11-04T14:56:23
LP002799,L00546,5111.56,2025-12-07T14:56:23
LP002800,L00546,5111.56,2026-01-01T14:56:23
LP002801,L00546,5111.56,2026-02-05T14:56:23
LP002802,L00546,5111.56,2026-03-03T14:56:23
LP002803,L00546,5111.56,2026-03-30T14:56:23
LP002804,L00546,5111.56,2026-05-29T14:56:23
LP002805,L00546,5111.56,2026-06-30T14:56:23
LP002806,L00547,23146.67,2025-09-25T15:13:21
LP002807,L00547,23146.67,2025-10-29T15:13:21
LP002808,L00547,23146.67,2025-11-27T15:13:21
LP002809,L00547,23146.67,2025-12-27T15:13:21
LP002810,L00547,23146.67,2026-01-29T15:13:21
LP002811,L00547,23146.67,2026-02-25T15:13:21
LP002812,L00547,23146.67,2026-04-01T15:13:21
LP002813,L00547,23146.67,2026-04-24T15:13:21
LP002814,L00547,23146.67,2026-05-26T15:13:21
LP002815,L00547,23146.67,2026-06-26T15:13:21
LP002816,L00548,6477.33,2025-11-05T16:30:39
LP002817,L00548,6477.33,2025-12-06T16:30:39
LP002818,L00548,6477.33,2025-12-31T16:30:39
LP002819,L00548,6477.33,2026-01-31T16:30:39
LP002820,L00548,6477.33,2026-03-04T16:30:39
LP002821,L00548,6477.33,2026-04-04T16:30:39
LP002822,L00548,6477.33,2026-06-03T16:30:39
LP002823,L00548,6477.33,2026-07-04T16:30:39
LP002824,L00549,6664.0,2025-11-05T08:19:55
LP002825,L00549,6664.0,2025-12-12T08:19:55
LP002826,L00549,6664.0,2026-01-10T08:19:55
LP002827,L00549,6664.0,2026-02-09T08:19:55
LP002828,L00549,6664.0,2026-03-11T08:19:55
LP002829,L00549,6664.0,2026-04-11T08:19:55
LP002830,L00549,6664.0,2026-05-09T08:19:55
LP002831,L00549,6664.0,2026-06-08T08:19:55
LP002832,L00550,3832.89,2026-03-22T10:13:02
LP002833,L00550,3832.89,2026-04-17T10:13:02
LP002834,L00550,3832.89,2026-05-19T10:13:02
LP002835,L00550,3832.89,2026-06-21T10:13:02
LP002836,L00551,3098.67,2026-02-20T12:55:21
LP002837,L00551,3098.67,2026-03-24T12:55:21
LP002838,L00551,3098.67,2026-04-23T12:55:21
LP002839,L00551,3098.67,2026-05-23T12:55:21
LP002840,L00551,3098.67,2026-06-24T12:55:21
LP002841,L00552,20589.33,2026-01-15T09:36:33
LP002842,L00552,20589.33,2026-02-17T09:36:33
LP002843,L00552,20589.33,2026-03-12T09:36:33
LP002844,L00552,20589.33,2026-04-17T09:36:33
LP002845,L00552,20589.33,2026-05-11T09:36:33
LP002846,L00552,20589.33,2026-06-12T09:36:33
LP002847,L00553,31266.67,2026-06-21T12:17:35
LP002848,L00554,50456.0,2026-02-22T13:22:04
LP002849,L00554,50456.0,2026-03-25T13:22:04
LP002850,L00554,50456.0,2026-04-26T13:22:04
LP002851,L00554,50456.0,2026-05-26T13:22:04
LP002852,L00554,50456.0,2026-06-20T13:22:04
LP002853,L00555,1078.0,2026-03-09T12:02:16
LP002854,L00555,1078.0,2026-04-01T12:02:16
LP002855,L00555,1078.0,2026-05-05T12:02:16
LP002856,L00555,1078.0,2026-06-08T12:02:16
LP002857,L00556,4881.33,2025-08-18T10:55:28
LP002858,L00556,4881.33,2025-09-18T10:55:28
LP002859,L00556,4881.33,2025-10-17T10:55:28
LP002860,L00556,4881.33,2025-11-21T10:55:28
LP002861,L00556,4881.33,2025-12-19T10:55:28
LP002862,L00556,4881.33,2026-01-17T10:55:28
LP002863,L00556,4881.33,2026-02-13T10:55:28
LP002864,L00556,4881.33,2026-03-18T10:55:28
LP002865,L00556,4881.33,2026-04-18T10:55:28
LP002866,L00556,4881.33,2026-05-16T10:55:28
LP002867,L00556,4881.33,2026-06-14T10:55:28
LP002868,L00557,19432.0,2025-08-20T14:22:36
LP002869,L00557,19432.0,2025-09-14T14:22:36
LP002870,L00557,19432.0,2025-10-17T14:22:36
LP002871,L00557,19432.0,2025-11-16T14:22:36
LP002872,L00557,19432.0,2025-12-14T14:22:36
LP002873,L00557,19432.0,2026-01-18T14:22:36
LP002874,L00558,16781.33,2025-12-18T14:20:42
LP002875,L00558,16781.33,2026-01-14T14:20:42
LP002876,L00558,16781.33,2026-02-14T14:20:42
LP002877,L00558,16781.33,2026-04-17T14:20:42
LP002878,L00558,16781.33,2026-05-14T14:20:42
LP002879,L00558,16781.33,2026-06-10T14:20:42
LP002880,L00559,7252.0,2026-01-30T15:59:39
LP002881,L00559,7252.0,2026-02-23T15:59:39
LP002882,L00559,7252.0,2026-03-31T15:59:39
LP002883,L00559,7252.0,2026-04-30T15:59:39
LP002884,L00559,7252.0,2026-05-25T15:59:39
LP002885,L00559,7252.0,2026-06-24T15:59:39
LP002886,L00560,10719.33,2026-02-27T12:45:57
LP002887,L00560,10719.33,2026-04-02T12:45:57
LP002888,L00560,10719.33,2026-04-27T12:45:57
LP002889,L00560,10719.33,2026-05-30T12:45:57
LP002890,L00560,10719.33,2026-07-01T12:45:57
LP002891,L00561,3136.0,2025-09-30T10:28:49
LP002892,L00561,3136.0,2025-10-29T10:28:49
LP002893,L00561,3136.0,2025-11-26T10:28:49
LP002894,L00561,3136.0,2025-12-27T10:28:49
LP002895,L00561,3136.0,2026-01-30T10:28:49
LP002896,L00562,15978.67,2025-10-30T10:37:16
LP002897,L00562,15978.67,2025-11-27T10:37:16
LP002898,L00562,15978.67,2025-12-28T10:37:16
LP002899,L00562,15978.67,2026-01-28T10:37:16
LP002900,L00562,15978.67,2026-02-25T10:37:16
LP002901,L00562,15978.67,2026-03-29T10:37:16
LP002902,L00562,15978.67,2026-04-23T10:37:16
LP002903,L00562,15978.67,2026-05-23T10:37:16
LP002904,L00562,15978.67,2026-06-26T10:37:16
LP002905,L00563,3596.44,2025-10-26T09:30:51
LP002906,L00563,3596.44,2025-11-21T09:30:51
LP002907,L00563,3596.44,2025-12-26T09:30:51
LP002908,L00563,3596.44,2026-01-19T09:30:51
LP002909,L00563,3596.44,2026-02-17T09:30:51
LP002910,L00563,3596.44,2026-03-24T09:30:51
LP002911,L00563,3596.44,2026-04-18T09:30:51
LP002912,L00563,3596.44,2026-05-24T09:30:51
LP002913,L00563,3596.44,2026-06-24T09:30:51
LP002914,L00564,6483.56,2025-11-06T11:21:36
LP002915,L00564,6483.56,2025-12-10T11:21:36
LP002916,L00564,6483.56,2026-01-08T11:21:36
LP002917,L00564,6483.56,2026-02-05T11:21:36
LP002918,L00564,6483.56,2026-03-08T11:21:36
LP002919,L00564,6483.56,2026-05-05T11:21:36
LP002920,L00564,6483.56,2026-06-08T11:21:36
LP002921,L00565,13160.0,2026-05-22T09:13:11
LP002922,L00565,13160.0,2026-06-20T09:13:11
LP002923,L00566,370.22,2026-04-09T12:54:50
LP002924,L00566,370.22,2026-05-06T12:54:50
LP002925,L00566,370.22,2026-06-12T12:54:50
LP002926,L00567,7062.22,2025-10-22T11:42:30
LP002927,L00567,7062.22,2025-12-22T11:42:30
LP002928,L00567,7062.22,2026-01-22T11:42:30
LP002929,L00567,7062.22,2026-02-19T11:42:30
LP002930,L00567,7062.22,2026-03-22T11:42:30
LP002931,L00567,7062.22,2026-04-22T11:42:30
LP002932,L00567,7062.22,2026-05-20T11:42:30
LP002933,L00567,7062.22,2026-06-17T11:42:30
LP002934,L00568,5503.56,2025-12-09T11:30:35
LP002935,L00568,5503.56,2026-01-08T11:30:35
LP002936,L00568,5503.56,2026-02-08T11:30:35
LP002937,L00568,5503.56,2026-03-14T11:30:35
LP002938,L00568,5503.56,2026-04-05T11:30:35
LP002939,L00568,5503.56,2026-05-05T11:30:35
LP002940,L00568,5503.56,2026-06-08T11:30:35
LP002941,L00569,1036.0,2026-03-03T14:27:47
LP002942,L00569,1036.0,2026-03-27T14:27:47
LP002943,L00569,1036.0,2026-04-25T14:27:47
LP002944,L00569,1036.0,2026-05-31T14:27:47
LP002945,L00570,5716.67,2025-12-25T11:21:34
LP002946,L00570,5716.67,2026-01-16T11:21:34
LP002947,L00570,5716.67,2026-02-20T11:21:34
LP002948,L00570,5716.67,2026-03-23T11:21:34
LP002949,L00570,5716.67,2026-04-19T11:21:34
LP002950,L00570,5716.67,2026-05-17T11:21:34
LP002951,L00570,5716.67,2026-06-16T11:21:34
LP002952,L00571,9753.33,2026-06-22T13:49:45
LP002953,L00572,12441.33,2026-03-15T13:43:01
LP002954,L00572,12441.33,2026-04-19T13:43:01
LP002955,L00572,12441.33,2026-05-16T13:43:01
LP002956,L00572,12441.33,2026-06-13T13:43:01
LP002957,L00573,6262.67,2026-03-13T16:45:03
LP002958,L00573,6262.67,2026-04-13T16:45:03
LP002959,L00573,6262.67,2026-05-14T16:45:03
LP002960,L00573,6262.67,2026-06-09T16:45:03
LP002961,L00574,49261.33,2025-10-27T15:32:08
LP002962,L00574,49261.33,2025-11-19T15:32:08
LP002963,L00574,49261.33,2025-12-27T15:32:08
LP002964,L00574,49261.33,2026-01-22T15:32:08
LP002965,L00574,49261.33,2026-02-19T15:32:08
LP002966,L00574,49261.33,2026-03-26T15:32:08
LP002967,L00575,11237.33,2026-01-11T14:48:49
LP002968,L00575,11237.33,2026-02-06T14:48:49
LP002969,L00575,11237.33,2026-03-09T14:48:49
LP002970,L00575,11237.33,2026-04-13T14:48:49
LP002971,L00575,11237.33,2026-05-10T14:48:49
LP002972,L00575,11237.33,2026-06-10T14:48:49
LP002973,L00576,7566.22,2025-08-22T16:33:14
LP002974,L00576,7566.22,2025-10-19T16:33:14
LP002975,L00576,7566.22,2025-11-19T16:33:14
LP002976,L00576,7566.22,2025-12-18T16:33:14
LP002977,L00576,7566.22,2026-01-18T16:33:14
LP002978,L00576,7566.22,2026-02-11T16:33:14
LP002979,L00576,7566.22,2026-03-16T16:33:14
LP002980,L00576,7566.22,2026-04-17T16:33:14
LP002981,L00576,7566.22,2026-05-15T16:33:14
LP002982,L00576,7566.22,2026-06-15T16:33:14
LP002983,L00577,28000.0,2026-03-12T16:20:35
LP002984,L00577,28000.0,2026-04-09T16:20:35
LP002985,L00577,28000.0,2026-06-15T16:20:35
LP002986,L00578,9999.11,2026-01-15T09:04:04
LP002987,L00578,9999.11,2026-02-12T09:04:04
LP002988,L00578,9999.11,2026-03-14T09:04:04
LP002989,L00578,9999.11,2026-04-17T09:04:04
LP002990,L00578,9999.11,2026-06-16T09:04:04
LP002991,L00579,2109.33,2025-10-04T12:17:54
LP002992,L00579,2109.33,2025-11-02T12:17:54
LP002993,L00579,2109.33,2025-11-30T12:17:54
LP002994,L00579,2109.33,2026-01-05T12:17:54
LP002995,L00579,2109.33,2026-02-02T12:17:54
LP002996,L00579,2109.33,2026-03-05T12:17:54
LP002997,L00579,2109.33,2026-03-30T12:17:54
LP002998,L00579,2109.33,2026-05-07T12:17:54
LP002999,L00579,2109.33,2026-05-31T12:17:54
LP003000,L00580,10061.33,2026-01-02T14:44:58
LP003001,L00580,10061.33,2026-01-25T14:44:58
LP003002,L00580,10061.33,2026-02-26T14:44:58
LP003003,L00580,10061.33,2026-04-30T14:44:58
LP003004,L00580,10061.33,2026-05-24T14:44:58
LP003005,L00582,4676.0,2025-12-01T12:26:35
LP003006,L00582,4676.0,2025-12-29T12:26:35
LP003007,L00582,4676.0,2026-02-01T12:26:35
LP003008,L00582,4676.0,2026-03-02T12:26:35
LP003009,L00582,4676.0,2026-04-04T12:26:35
LP003010,L00582,4676.0,2026-05-01T12:26:35
LP003011,L00582,4676.0,2026-06-02T12:26:35
LP003012,L00583,1235.11,2026-01-06T09:01:08
LP003013,L00583,1235.11,2026-02-01T09:01:08
LP003014,L00583,1235.11,2026-02-28T09:01:08
LP003015,L00583,1235.11,2026-04-02T09:01:08
LP003016,L00583,1235.11,2026-05-06T09:01:08
LP003017,L00583,1235.11,2026-05-28T09:01:08
LP003018,L00583,1235.11,2026-07-01T09:01:08
LP003019,L00584,2352.0,2026-03-11T08:22:54
LP003020,L00584,2352.0,2026-04-07T08:22:54
LP003021,L00584,2352.0,2026-05-09T08:22:54
LP003022,L00584,2352.0,2026-06-11T08:22:54
LP003023,L00585,17976.0,2025-10-01T13:52:59
LP003024,L00585,17976.0,2025-10-29T13:52:59
LP003025,L00585,17976.0,2025-11-28T13:52:59
LP003026,L00585,17976.0,2025-12-30T13:52:59
LP003027,L00585,17976.0,2026-01-27T13:52:59
LP003028,L00585,17976.0,2026-02-20T13:52:59
LP003029,L00586,9842.0,2026-01-01T08:07:16
LP003030,L00586,9842.0,2026-02-06T08:07:16
LP003031,L00586,9842.0,2026-03-04T08:07:16
LP003032,L00586,9842.0,2026-04-07T08:07:16
LP003033,L00586,9842.0,2026-05-08T08:07:16
LP003034,L00586,9842.0,2026-06-02T08:07:16
LP003035,L00587,10229.33,2025-10-19T08:50:30
LP003036,L00587,10229.33,2025-11-12T08:50:30
LP003037,L00587,10229.33,2025-12-16T08:50:30
LP003038,L00587,10229.33,2026-01-12T08:50:30
LP003039,L00587,10229.33,2026-02-14T08:50:30
LP003040,L00587,10229.33,2026-03-10T08:50:30
LP003041,L00587,10229.33,2026-04-15T08:50:30
LP003042,L00587,10229.33,2026-05-13T08:50:30
LP003043,L00587,10229.33,2026-06-15T08:50:30
LP003044,L00588,27869.33,2026-03-19T12:20:31
LP003045,L00588,27869.33,2026-04-24T12:20:31
LP003046,L00588,27869.33,2026-06-21T12:20:31
LP003047,L00589,20393.33,2025-08-28T11:08:14
LP003048,L00589,20393.33,2025-10-02T11:08:14
LP003049,L00589,20393.33,2025-10-28T11:08:14
LP003050,L00589,20393.33,2025-11-29T11:08:14
LP003051,L00589,20393.33,2025-12-26T11:08:14
LP003052,L00589,20393.33,2026-02-25T11:08:14
LP003053,L00589,20393.33,2026-03-31T11:08:14
LP003054,L00589,20393.33,2026-04-24T11:08:14
LP003055,L00589,20393.33,2026-06-01T11:08:14
LP003056,L00589,20393.33,2026-06-30T11:08:14
LP003057,L00590,6707.56,2025-10-10T08:12:14
LP003058,L00590,6707.56,2025-11-03T08:12:14
LP003059,L00590,6707.56,2025-12-04T08:12:14
LP003060,L00590,6707.56,2026-01-01T08:12:14
LP003061,L00590,6707.56,2026-01-31T08:12:14
LP003062,L00590,6707.56,2026-03-02T08:12:14
LP003063,L00590,6707.56,2026-04-03T08:12:14
LP003064,L00590,6707.56,2026-05-04T08:12:14
LP003065,L00590,6707.56,2026-06-05T08:12:14
LP003066,L00591,3727.11,2025-10-29T13:06:07
LP003067,L00591,3727.11,2025-11-28T13:06:07
LP003068,L00591,3727.11,2026-01-29T13:06:07
LP003069,L00591,3727.11,2026-03-04T13:06:07
LP003070,L00591,3727.11,2026-04-04T13:06:07
LP003071,L00591,3727.11,2026-05-01T13:06:07
LP003072,L00591,3727.11,2026-06-04T13:06:07
LP003073,L00591,3727.11,2026-07-04T13:06:07
LP003074,L00592,18694.67,2026-02-18T15:21:52
LP003075,L00592,18694.67,2026-03-19T15:21:52
LP003076,L00592,18694.67,2026-04-19T15:21:52
LP003077,L00592,18694.67,2026-05-21T15:21:52
LP003078,L00592,18694.67,2026-06-18T15:21:52
LP003079,L00593,6396.44,2025-10-20T16:44:19
LP003080,L00593,6396.44,2025-11-26T16:44:19
LP003081,L00593,6396.44,2025-12-22T16:44:19
LP003082,L00593,6396.44,2026-01-18T16:44:19
LP003083,L00593,6396.44,2026-02-20T16:44:19
LP003084,L00593,6396.44,2026-04-19T16:44:19
LP003085,L00593,6396.44,2026-05-19T16:44:19
LP003086,L00593,6396.44,2026-06-20T16:44:19
LP003087,L00594,8904.0,2025-10-07T09:57:20
LP003088,L00594,8904.0,2025-11-08T09:57:20
LP003089,L00594,8904.0,2025-12-06T09:57:20
LP003090,L00594,8904.0,2026-01-06T09:57:20
LP003091,L00594,8904.0,2026-02-02T09:57:20
LP003092,L00594,8904.0,2026-03-08T09:57:20
LP003093,L00594,8904.0,2026-04-01T09:57:20
LP003094,L00594,8904.0,2026-05-07T09:57:20
LP003095,L00594,8904.0,2026-06-08T09:57:20
LP003096,L00595,21018.67,2026-04-16T16:25:06
LP003097,L00595,21018.67,2026-05-23T16:25:06
LP003098,L00595,21018.67,2026-06-19T16:25:06
LP003099,L00596,6209.78,2026-04-16T15:13:11
LP003100,L00596,6209.78,2026-05-15T15:13:11
LP003101,L00596,6209.78,2026-06-21T15:13:11
LP003102,L00597,8694.0,2025-12-04T16:00:24
LP003103,L00597,8694.0,2026-01-04T16:00:24
LP003104,L00597,8694.0,2026-02-02T16:00:24
LP003105,L00597,8694.0,2026-03-02T16:00:24
LP003106,L00597,8694.0,2026-03-28T16:00:24
LP003107,L00597,8694.0,2026-04-26T16:00:24
LP003108,L00597,8694.0,2026-05-31T16:00:24
LP003109,L00597,8694.0,2026-06-28T16:00:24
LP003110,L00598,1350.22,2025-12-26T10:02:47
LP003111,L00598,1350.22,2026-01-28T10:02:47
LP003112,L00598,1350.22,2026-02-27T10:02:47
LP003113,L00598,1350.22,2026-03-28T10:02:47
LP003114,L00598,1350.22,2026-05-01T10:02:47
LP003115,L00598,1350.22,2026-05-28T10:02:47
LP003116,L00598,1350.22,2026-06-29T10:02:47
LP003117,L00599,7793.33,2026-05-16T11:09:22
LP003118,L00599,7793.33,2026-06-16T11:09:22
LP003119,L00600,16333.33,2026-01-03T08:12:28
LP003120,L00600,16333.33,2026-01-29T08:12:28
LP003121,L00600,16333.33,2026-03-02T08:12:28
LP003122,L00600,16333.33,2026-03-28T08:12:28
LP003123,L00600,16333.33,2026-05-03T08:12:28
LP003124,L00600,16333.33,2026-06-30T08:12:28
LP003125,L00602,4825.33,2026-03-15T16:30:57
LP003126,L00602,4825.33,2026-04-16T16:30:57
LP003127,L00602,4825.33,2026-05-21T16:30:57
LP003128,L00602,4825.33,2026-06-19T16:30:57
LP003129,L00603,26730.67,2026-03-15T10:34:13
LP003130,L00603,26730.67,2026-04-16T10:34:13
LP003131,L00603,26730.67,2026-05-21T10:34:13
LP003132,L00603,26730.67,2026-06-14T10:34:13
LP003133,L00604,2468.67,2026-06-21T13:05:08
LP003134,L00605,11956.0,2026-06-24T16:27:45
LP003135,L00606,13975.11,2026-05-29T08:41:49
LP003136,L00606,13975.11,2026-06-22T08:41:49
LP003137,L00608,11214.0,2026-04-15T14:28:26
LP003138,L00608,11214.0,2026-06-14T14:28:26
LP003139,L00609,13321.78,2026-04-29T09:56:18
LP003140,L00609,13321.78,2026-05-28T09:56:18
LP003141,L00609,13321.78,2026-06-30T09:56:18
LP003142,L00610,6800.89,2026-03-21T12:12:52
LP003143,L00610,6800.89,2026-04-17T12:12:52
LP003144,L00610,6800.89,2026-05-22T12:12:52
LP003145,L00610,6800.89,2026-06-18T12:12:52
LP003146,L00611,3985.33,2026-04-19T10:41:07
LP003147,L00611,3985.33,2026-05-25T10:41:07
LP003148,L00611,3985.33,2026-06-25T10:41:07
LP003149,L00612,8325.33,2026-04-30T10:20:11
LP003150,L00612,8325.33,2026-05-22T10:20:11
LP003151,L00612,8325.33,2026-06-25T10:20:11
LP003152,L00613,9656.89,2026-03-05T09:43:11
LP003153,L00613,9656.89,2026-04-06T09:43:11
LP003154,L00613,9656.89,2026-05-07T09:43:11
LP003155,L00613,9656.89,2026-06-10T09:43:11
LP003156,L00614,3926.22,2026-05-30T13:02:01
LP003157,L00614,3926.22,2026-06-28T13:02:01
LP003158,L00615,45322.67,2026-04-04T09:53:17
LP003159,L00615,45322.67,2026-04-30T09:53:17
LP003160,L00615,45322.67,2026-05-30T09:53:17
LP003161,L00615,45322.67,2026-07-05T09:53:17
LP003162,L00616,2908.89,2026-04-24T14:43:59
LP003163,L00616,2908.89,2026-05-31T14:43:59
LP003164,L00616,2908.89,2026-06-26T14:43:59
LP003165,L00617,14136.89,2026-06-14T12:09:06
LP003166,L00619,5957.78,2026-05-14T12:19:15
LP003167,L00619,5957.78,2026-06-12T12:19:15
LP003168,L00621,3276.0,2026-04-13T16:07:15
LP003169,L00621,3276.0,2026-05-13T16:07:15
LP003170,L00621,3276.0,2026-06-14T16:07:15
LP003171,L00622,37949.33,2026-05-16T12:00:35
LP003172,L00622,37949.33,2026-06-14T12:00:35
LP003173,L00623,8176.0,2026-03-13T15:38:49
LP003174,L00623,8176.0,2026-04-11T15:38:49
LP003175,L00623,8176.0,2026-05-07T15:38:49
LP003176,L00623,8176.0,2026-06-08T15:38:49
LP003177,L00624,13234.67,2026-03-27T09:50:47
LP003178,L00624,13234.67,2026-04-29T09:50:47
LP003179,L00624,13234.67,2026-05-25T09:50:47
LP003180,L00624,13234.67,2026-06-22T09:50:47
LP003181,L00625,17173.33,2026-06-30T09:11:18
LP003182,L00626,1779.56,2026-06-06T10:02:10
LP003183,L00627,6464.89,2025-11-26T14:06:01
LP003184,L00627,6464.89,2025-12-26T14:06:01
LP003185,L00627,6464.89,2026-01-26T14:06:01
LP003186,L00627,6464.89,2026-02-26T14:06:01
LP003187,L00627,6464.89,2026-03-27T14:06:01
LP003188,L00627,6464.89,2026-04-21T14:06:01
LP003189,L00627,6464.89,2026-05-22T14:06:01
LP003190,L00627,6464.89,2026-06-25T14:06:01
LP003191,L00628,1054.67,2026-04-03T10:17:56
LP003192,L00628,1054.67,2026-05-01T10:17:56
LP003193,L00628,1054.67,2026-06-05T10:17:56
LP003194,L00628,1054.67,2026-06-27T10:17:56
LP003195,L00629,6458.67,2026-06-12T16:10:53
LP003196,L00630,2691.11,2025-12-22T16:12:03
LP003197,L00630,2691.11,2026-01-16T16:12:03
LP003198,L00630,2691.11,2026-02-13T16:12:03
LP003199,L00630,2691.11,2026-03-20T16:12:03
LP003200,L00630,2691.11,2026-04-20T16:12:03
LP003201,L00630,2691.11,2026-05-15T16:12:03
LP003202,L00631,9240.0,2026-01-24T13:42:57
LP003203,L00631,9240.0,2026-02-20T13:42:57
LP003204,L00631,9240.0,2026-03-21T13:42:57
LP003205,L00631,9240.0,2026-05-24T13:42:57
LP003206,L00631,9240.0,2026-06-20T13:42:57
LP003207,L00632,2221.33,2026-01-07T09:27:52
LP003208,L00632,2221.33,2026-02-10T09:27:52
LP003209,L00632,2221.33,2026-03-12T09:27:52
LP003210,L00632,2221.33,2026-04-12T09:27:52
LP003211,L00632,2221.33,2026-06-06T09:27:52
LP003212,L00633,3378.67,2026-02-01T12:25:20
LP003213,L00633,3378.67,2026-03-03T12:25:20
LP003214,L00633,3378.67,2026-05-01T12:25:20
LP003215,L00633,3378.67,2026-06-02T12:25:20
LP003216,L00633,3378.67,2026-06-30T12:25:20
LP003217,L00634,759.11,2026-06-14T12:21:42
LP003218,L00635,8614.67,2026-02-05T13:52:31
LP003219,L00635,8614.67,2026-03-06T13:52:31
LP003220,L00635,8614.67,2026-04-07T13:52:31
LP003221,L00635,8614.67,2026-05-11T13:52:31
LP003222,L00635,8614.67,2026-06-09T13:52:31
LP003223,L00636,8866.67,2026-06-13T09:10:59
LP003224,L00637,6542.67,2026-03-31T12:51:46
LP003225,L00637,6542.67,2026-05-06T12:51:46
LP003226,L00637,6542.67,2026-05-31T12:51:46
LP003227,L00638,15810.67,2026-05-28T12:07:37
LP003228,L00638,15810.67,2026-06-26T12:07:37
LP003229,L00639,1134.0,2025-12-06T14:50:22
LP003230,L00639,1134.0,2026-01-06T14:50:22
LP003231,L00639,1134.0,2026-03-04T14:50:22
LP003232,L00639,1134.0,2026-04-06T14:50:22
LP003233,L00639,1134.0,2026-04-29T14:50:22
LP003234,L00639,1134.0,2026-06-01T14:50:22
LP003235,L00640,7000.0,2026-01-01T13:36:53
LP003236,L00640,7000.0,2026-03-10T13:36:53
LP003237,L00640,7000.0,2026-04-03T13:36:53
LP003238,L00640,7000.0,2026-06-04T13:36:53
LP003239,L00641,2152.89,2026-05-21T09:57:18
LP003240,L00641,2152.89,2026-06-22T09:57:18
LP003241,L00642,6617.33,2026-06-25T14:28:02
LP003242,L00643,2202.67,2026-03-02T14:05:10
LP003243,L00643,2202.67,2026-04-01T14:05:10
LP003244,L00643,2202.67,2026-05-05T14:05:10
LP003245,L00645,2963.33,2026-06-25T22:27:49
LP003246,L00646,8848.0,2026-03-03T00:26:29
LP003247,L00646,8848.0,2026-03-28T00:26:29
LP003248,L00646,8848.0,2026-05-01T00:26:29
LP003249,L00646,8848.0,2026-06-01T00:26:29
LP003250,L00646,8848.0,2026-07-04T00:26:29
LP003251,L00647,2865.33,2026-05-11T02:39:53
LP003252,L00648,16650.67,2026-06-05T09:36:30
LP003253,L00649,7448.0,2026-02-09T02:30:10
LP003254,L00649,7448.0,2026-03-09T02:30:10
LP003255,L00649,7448.0,2026-04-06T02:30:10
LP003256,L00649,7448.0,2026-05-08T02:30:10
LP003257,L00649,7448.0,2026-06-05T02:30:10
LP003258,L00650,2812.44,2025-12-22T02:42:50
LP003259,L00650,2812.44,2026-01-17T02:42:50
LP003260,L00650,2812.44,2026-02-16T02:42:50
LP003261,L00650,2812.44,2026-03-19T02:42:50
LP003262,L00650,2812.44,2026-04-20T02:42:50
LP003263,L00650,2812.44,2026-06-16T02:42:50
LP003264,L00651,18834.67,2026-01-30T13:47:43
LP003265,L00651,18834.67,2026-03-02T13:47:43
LP003266,L00651,18834.67,2026-05-05T13:47:43
LP003267,L00651,18834.67,2026-06-01T13:47:43
LP003268,L00652,1188.44,2026-06-20T15:22:22
LP003269,L00653,4942.0,2026-03-01T02:04:36
LP003270,L00653,4942.0,2026-04-01T02:04:36
LP003271,L00653,4942.0,2026-04-30T02:04:36
LP003272,L00653,4942.0,2026-06-01T02:04:36
LP003273,L00653,4942.0,2026-06-27T02:04:36
LP003274,L00654,1197.78,2026-03-01T15:20:59
LP003275,L00654,1197.78,2026-04-06T15:20:59
LP003276,L00654,1197.78,2026-05-01T15:20:59
LP003277,L00654,1197.78,2026-05-29T15:20:59
LP003278,L00655,12488.0,2026-01-08T14:55:31
LP003279,L00655,12488.0,2026-02-06T14:55:31
LP003280,L00655,12488.0,2026-03-12T14:55:31
LP003281,L00655,12488.0,2026-04-05T14:55:31
LP003282,L00655,12488.0,2026-05-07T14:55:31
LP003283,L00655,12488.0,2026-06-03T14:55:31
LP003284,L00656,1605.33,2026-01-28T01:26:10
LP003285,L00656,1605.33,2026-03-01T01:26:10
LP003286,L00656,1605.33,2026-04-02T01:26:10
LP003287,L00656,1605.33,2026-04-28T01:26:10
LP003288,L00656,1605.33,2026-05-29T01:26:10
LP003289,L00656,1605.33,2026-07-01T01:26:10
LP003290,L00657,2268.0,2026-06-14T09:24:54
LP003291,L00658,3831.33,2026-03-07T16:47:21
LP003292,L00658,3831.33,2026-04-05T16:47:21
LP003293,L00658,3831.33,2026-05-04T16:47:21
LP003294,L00658,3831.33,2026-06-05T16:47:21
LP003295,L00659,4974.67,2026-04-21T10:27:34
LP003296,L00659,4974.67,2026-05-14T10:27:34
LP003297,L00659,4974.67,2026-06-13T10:27:34
LP003298,L00661,5942.22,2026-05-22T10:08:46
LP003299,L00661,5942.22,2026-06-20T10:08:46
LP003300,L00662,4772.44,2026-04-19T10:19:41
LP003301,L00662,4772.44,2026-05-23T10:19:41
LP003302,L00662,4772.44,2026-06-22T10:19:41
LP003303,L00663,33488.0,2026-05-10T10:20:11
LP003304,L00663,33488.0,2026-06-15T10:20:11
LP003305,L00665,4377.33,2026-05-16T10:36:13
LP003306,L00665,4377.33,2026-06-20T10:36:13
LP003307,L00666,5876.89,2026-05-28T13:24:25
LP003308,L00666,5876.89,2026-07-04T13:24:25
LP003309,L00667,20048.0,2026-07-01T11:42:09
LP003310,L00668,3061.33,2026-06-06T12:38:27
LP003311,L00669,4638.67,2026-01-20T11:03:03
LP003312,L00669,4638.67,2026-02-26T11:03:03
LP003313,L00669,4638.67,2026-03-27T11:03:03
LP003314,L00669,4638.67,2026-04-23T11:03:03
LP003315,L00669,4638.67,2026-06-19T11:03:03
LP003316,L00670,6706.0,2026-01-29T10:39:03
LP003317,L00670,6706.0,2026-02-28T10:39:03
LP003318,L00670,6706.0,2026-04-01T10:39:03
LP003319,L00670,6706.0,2026-07-01T10:39:03
LP003320,L00671,6962.67,2026-01-28T12:04:03
LP003321,L00671,6962.67,2026-03-25T12:04:03
LP003322,L00671,6962.67,2026-04-23T12:04:03
LP003323,L00671,6962.67,2026-05-22T12:04:03
LP003324,L00671,6962.67,2026-06-26T12:04:03
LP003325,L00672,14718.67,2026-01-27T16:41:03
LP003326,L00672,14718.67,2026-02-25T16:41:03
LP003327,L00672,14718.67,2026-03-28T16:41:03
LP003328,L00672,14718.67,2026-04-29T16:41:03
LP003329,L00672,14718.67,2026-05-24T16:41:03
LP003330,L00672,14718.67,2026-06-28T16:41:03
LP003331,L00673,7009.33,2026-03-23T16:57:13
LP003332,L00673,7009.33,2026-04-15T16:57:13
LP003333,L00673,7009.33,2026-05-15T16:57:13
LP003334,L00673,7009.33,2026-06-18T16:57:13
LP003335,L00674,4592.0,2026-02-12T08:13:13
LP003336,L00674,4592.0,2026-03-18T08:13:13
LP003337,L00674,4592.0,2026-04-20T08:13:13
LP003338,L00674,4592.0,2026-05-17T08:13:13
LP003339,L00674,4592.0,2026-06-12T08:13:13
LP003340,L00675,15614.67,2026-02-16T16:27:13
LP003341,L00675,15614.67,2026-04-16T16:27:13
LP003342,L00675,15614.67,2026-05-19T16:27:13
LP003343,L00675,15614.67,2026-06-15T16:27:13
LP003344,L00676,2759.56,2026-02-17T13:53:13
LP003345,L00676,2759.56,2026-03-16T13:53:13
LP003346,L00676,2759.56,2026-04-19T13:53:13
LP003347,L00676,2759.56,2026-05-12T13:53:13
LP003348,L00676,2759.56,2026-06-17T13:53:13
LP003349,L00677,6094.67,2026-03-23T11:41:13
LP003350,L00677,6094.67,2026-04-22T11:41:13
LP003351,L00677,6094.67,2026-05-22T11:41:13
LP003352,L00677,6094.67,2026-06-16T11:41:13
