member_id,name,national_id,phone,branch_id,employer,join_date,risk_rating
M00001,Moses Otieno,26235251,0719196777,BR009,Kenya Ports Authority,2025-06-16,Normal
M00002,Robert Muthoni,28261616,0787701200,BR002,Kenya Ports Authority,2022-02-20,Normal
M00003,Susan Koech,30615610,0744999379,BR001,National Police Service,2020-06-02,Normal
M00004,Samuel Omondi,30066231,0771367643,BR011,Matatu SACCO Crew,2023-01-09,Normal
M00005,Anthony Odhiambo,22458221,0782160068,BR015,National Police Service,2020-04-25,Normal
M00006,Consolata Otieno,28196824,0759597086,BR009,Boda Boda Operator,2022-06-23,Normal
M00007,Nancy Ndungu,37748304,0711049999,BR003,Ministry of Health,2024-05-31,Normal
M00008,Faith Wamalwa,24506062,0745496015,BR014,Teacher - TSC,2025-09-20,Normal
M00009,Francis Waweru,27067558,0756020613,BR015,National Police Service,2020-09-13,Normal
M00010,Robert Adhiambo,21704528,0722388090,BR011,Ministry of Health,2022-06-18,Normal
M00011,Elijah Wanjiru,28789760,0731687165,BR007,Retired,2022-08-09,Normal
M00012,Faith Otieno,25001431,0783227889,BR008,Self Employed,2025-09-08,Normal
M00013,Beatrice Wanjiru,21403543,0751373735,BR014,Matatu SACCO Crew,2023-08-23,Normal
M00014,Paul Omondi,23449181,0757469942,BR015,Kenya Revenue Authority,2019-12-13,Normal
M00015,Rebecca Adhiambo,27943586,0731810617,BR009,Kenya Revenue Authority,2024-01-22,Normal
M00016,Martin Adhiambo,31146294,0765259205,BR013,Kenya Revenue Authority,2021-06-27,Normal
M00017,Isaac Odhiambo,32835970,0715197528,BR011,Private Security Firm,2022-04-14,Normal
M00018,Sarah Kilonzo,30240506,0740547349,BR008,National Police Service,2021-12-30,Normal
M00019,Felix Otieno,29365880,0757130035,BR001,Ministry of Health,2021-09-01,Normal
M00020,John Odhiambo,28764927,0733966966,BR009,Kenya Ports Authority,2023-12-26,Normal
M00021,Joyce Wekesa,30525264,0768571795,BR005,Kenya Ports Authority,2019-12-06,Normal
M00022,Lucy Mutua,21489364,0768526649,BR009,Self Employed,2020-10-18,Normal
M00023,James Omondi,31079674,0793638503,BR009,Matatu SACCO Crew,2025-07-16,Normal
M00024,Everlyne Nyambura,30944882,0764009265,BR011,Retired,2020-11-24,Normal
M00025,Geoffrey Maina,25839388,0792613013,BR005,Kenya Ports Authority,2025-09-19,Normal
M00026,Margaret Wafula,27052560,0767698610,BR005,Kenya Revenue Authority,2024-01-21,Normal
M00027,Erick Achieng,27170629,0778608612,BR010,KPLC,2026-04-21,Normal
M00028,Moses Omondi,31247051,0722534217,BR013,Private Security Firm,2021-05-28,Normal
M00029,Daniel Wanjiru,20819580,0716202700,BR013,National Police Service,2022-02-19,Normal
M00030,Robert Kariuki,39316310,0736096655,BR008,Retired,2026-05-10,Normal
M00031,Samuel Kariuki,20186053,0724305904,BR012,Kenya Revenue Authority,2023-10-22,Normal
M00032,Diana Koech,35587707,0716740197,BR007,Safaricom,2021-12-15,Normal
M00033,Erick Omondi,37821828,0785017682,BR004,Kenya Ports Authority,2020-11-11,Normal
M00034,Consolata Koech,34319043,0783534128,BR006,KPLC,2024-06-18,Normal
M00035,Elijah Cheruiyot,29305024,0779967676,BR015,KPLC,2021-04-14,Normal
M00036,Isaac Wafula,27868298,0746468984,BR011,Matatu SACCO Crew,2022-03-08,Normal
M00037,Paul Maina,25127293,0738716269,BR006,Teacher - TSC,2025-07-23,Normal
M00038,Beatrice Kamau,26940210,0766390708,BR007,Small Business Owner,2024-01-27,Normal
M00039,Emily Muthoni,32763469,0774019136,BR015,Self Employed,2026-01-19,Normal
M00040,Damaris Nyambura,38059685,0783300637,BR006,Kenya Revenue Authority,2022-11-07,Normal
M00041,Dennis Onyango,20973911,0762191530,BR010,Matatu SACCO Crew,2021-12-22,Normal
M00042,Rebecca Wanjiru,37922215,0713619375,BR011,Farmer / Agribusiness,2024-01-14,Normal
M00043,Jane Kariuki,34381858,0728213276,BR007,Private Security Firm,2026-02-20,Normal
M00044,Patrick Kiptoo,35257177,0753868501,BR008,Matatu SACCO Crew,2021-07-16,Normal
M00045,Damaris Nyambura,28464827,0720993268,BR013,KPLC,2023-10-02,Normal
M00046,Joyce Cheruiyot,22302450,0797477029,BR001,Self Employed,2025-07-20,Normal
M00047,John Waweru,25113103,0742016960,BR013,County Government,2019-11-07,Normal
M00048,Sarah Chebet,28598111,0759512272,BR008,County Government,2020-10-13,Normal
M00049,Alice Wafula,23627192,0787669750,BR010,Self Employed,2026-04-24,Normal
M00050,Rose Maina,26654843,0720200074,BR015,Kenya Ports Authority,2022-12-31,Normal
M00051,Margaret Langat,24061933,0785958181,BR012,Kenya Revenue Authority,2022-03-23,Normal
M00052,Kevin Otieno,36977226,0796911784,BR001,Matatu SACCO Crew,2023-05-25,Normal
M00053,Kevin Kariuki,35426292,0730534124,BR001,Small Business Owner,2024-03-18,Normal
M00054,Kennedy Adhiambo,38058086,0774893936,BR003,KPLC,2025-05-09,Normal
M00055,Paul Gitau,22907924,0747437115,BR007,Farmer / Agribusiness,2026-02-22,Normal
M00056,Everlyne Maina,31287597,0713852048,BR008,KPLC,2022-03-27,Normal
M00057,Kevin Ndungu,28668868,0755679506,BR014,Boda Boda Operator,2023-02-23,Normal
M00058,Purity Kiptoo,22872694,0742394260,BR015,Retired,2026-03-09,Normal
M00059,Diana Onyango,36469231,0770152969,BR007,Kenya Revenue Authority,2024-12-24,Normal
M00060,Isaac Cheruiyot,30274569,0799115205,BR001,Kenya Ports Authority,2020-07-18,Normal
M00061,Beatrice Wekesa,38467972,0754398056,BR006,Matatu SACCO Crew,2024-10-22,Normal
M00062,Paul Odhiambo,26462056,0752352128,BR012,Teacher - TSC,2024-08-03,Normal
M00063,Martin Onyango,29277787,0789133014,BR012,Kenya Revenue Authority,2025-07-05,Normal
M00064,Damaris Kiptoo,29940381,0740532273,BR009,Matatu SACCO Crew,2026-03-12,Normal
M00065,Ann Mutua,21527253,0717318358,BR003,Safaricom,2022-11-22,Normal
M00066,Winnie Odhiambo,20411558,0787049595,BR005,Boda Boda Operator,2020-12-01,Normal
M00067,Peter Mutua,36029931,0725312516,BR008,Private Security Firm,2024-11-13,Normal
M00068,Julius Omondi,21798822,0730364454,BR002,County Government,2023-12-30,Normal
M00069,Paul Odhiambo,38725823,0765857931,BR013,Kenya Ports Authority,2025-10-24,Normal
M00070,Simon Achieng,29977515,0788990506,BR010,Small Business Owner,2022-01-12,Normal
M00071,Martin Odhiambo,26972205,0793955206,BR005,National Police Service,2025-11-17,Normal
M00072,Vincent Otieno,25252363,0710359129,BR005,Small Business Owner,2020-05-30,Normal
M00073,Paul Wafula,29486454,0770939053,BR008,Teacher - TSC,2026-02-28,Normal
M00074,Judith Muthoni,26637711,0767061186,BR011,Teacher - TSC,2022-02-13,Normal
M00075,Stephen Gitau,24772657,0719584466,BR009,Self Employed,2022-01-08,Normal
M00076,Susan Adhiambo,29684164,0768942178,BR003,Teacher - TSC,2022-12-13,Normal
M00077,Purity Rotich,36569018,0768755000,BR008,Teacher - TSC,2022-11-29,Normal
M00078,Nancy Mutua,20867881,0722257687,BR010,National Police Service,2019-12-13,Normal
M00079,Emily Omondi,29043289,0770548145,BR011,Self Employed,2025-12-14,Normal
M00080,Sarah Adhiambo,29333385,0734359060,BR013,Kenya Ports Authority,2021-06-19,Normal
M00081,Dennis Barasa,30772927,0799943797,BR007,Teacher - TSC,2025-01-06,Normal
M00082,Charles Wafula,33436947,0783832717,BR014,Self Employed,2021-04-21,Normal
M00083,David Mumo,33561864,0779067939,BR008,Private Security Firm,2020-06-27,Normal
M00084,Daniel Koech,32139300,0793568503,BR001,Kenya Revenue Authority,2025-08-02,Normal
M00085,Vincent Wanjiru,29664654,0768802946,BR008,Farmer / Agribusiness,2024-06-16,Normal
M00086,Julius Waweru,28029490,0731257157,BR012,Boda Boda Operator,2024-12-08,Normal
M00087,Paul Gitau,23807123,0771934487,BR009,Teacher - TSC,2019-08-28,Normal
M00088,Margaret Koech,29174617,0765766169,BR011,Private Security Firm,2021-03-24,Normal
M00089,Samuel Maina,26395822,0790447099,BR008,Safaricom,2024-10-18,Normal
M00090,Kennedy Langat,33923157,0755617282,BR012,Farmer / Agribusiness,2021-01-12,Normal
M00091,Margaret Wekesa,30017871,0788777447,BR013,Kenya Ports Authority,2025-03-12,Normal
M00092,Charles Kilonzo,31154833,0784077101,BR011,Kenya Revenue Authority,2024-12-28,Normal
M00093,Lilian Kiptoo,28012984,0786745380,BR009,Small Business Owner,2023-09-25,Normal
M00094,Charles Chebet,32791994,0761818612,BR004,Ministry of Health,2024-02-09,Normal
M00095,Ann Koech,39803169,0754559574,BR013,Private Security Firm,2021-03-17,Normal
M00096,Sarah Mwangi,24837053,0765026398,BR002,Private Security Firm,2024-06-09,Normal
M00097,Stephen Barasa,33337327,0797219599,BR011,Teacher - TSC,2021-03-26,Normal
M00098,Patrick Kariuki,36372800,0782613940,BR014,Self Employed,2023-03-09,Normal
M00099,Rebecca Wafula,27633172,0722130508,BR010,Small Business Owner,2020-04-08,Normal
M00100,Francis Wamalwa,20971308,0716172803,BR002,Matatu SACCO Crew,2020-08-17,Normal
M00101,Dennis Wanjiru,28193906,0781291936,BR013,Small Business Owner,2020-02-17,Normal
M00102,Michael Langat,32836056,0793176117,BR010,Ministry of Health,2021-07-09,Normal
M00103,Erick Kariuki,28522065,0771682508,BR004,Boda Boda Operator,2025-01-30,Normal
M00104,Everlyne Rotich,25300782,0719913576,BR011,KPLC,2019-08-10,Normal
M00105,Beatrice Chebet,28391903,0771315464,BR006,Private Security Firm,2026-02-02,Normal
M00106,Faith Cheruiyot,32796462,0786762164,BR005,Matatu SACCO Crew,2021-09-25,Normal
M00107,Duncan Omondi,33281036,0746840133,BR010,Self Employed,2022-10-26,Normal
M00108,Damaris Wamalwa,29603082,0740885967,BR010,Kenya Ports Authority,2020-01-19,Normal
M00109,Nancy Mutua,24589549,0794322033,BR013,Teacher - TSC,2023-06-15,Normal
M00110,Grace Muthoni,32242711,0727637794,BR015,Teacher - TSC,2019-12-11,Normal
M00111,Alice Kiptoo,24434546,0782398083,BR015,Farmer / Agribusiness,2022-10-23,Normal
M00112,Damaris Njoroge,28622485,0774672520,BR006,Kenya Revenue Authority,2025-06-15,Normal
M00113,James Wanjiru,27570372,0763339667,BR005,Private Security Firm,2023-04-20,Normal
M00114,Brian Mwangi,28873757,0782017516,BR013,Teacher - TSC,2025-10-01,Normal
M00115,Damaris Kariuki,32464587,0724541967,BR008,Ministry of Health,2023-08-20,Normal
M00116,Caroline Barasa,27427850,0796926431,BR004,Teacher - TSC,2024-10-15,Normal
M00117,Faith Wanjiru,21521586,0714994527,BR011,Boda Boda Operator,2024-09-15,Normal
M00118,Vincent Wanjiru,33040790,0770887034,BR008,Matatu SACCO Crew,2020-10-20,Normal
M00119,Mercy Wanjiru,33921214,0797902129,BR011,Teacher - TSC,2025-07-23,Normal
M00120,Stephen Kamau,32432922,0739161443,BR014,KPLC,2024-12-27,Normal
M00121,Geoffrey Kilonzo,38269242,0796547189,BR008,Matatu SACCO Crew,2022-02-24,Normal
M00122,David Langat,35257783,0722304198,BR001,Ministry of Health,2023-12-19,Normal
M00123,Patrick Cheruiyot,24225304,0785776373,BR004,National Police Service,2026-03-13,Normal
M00124,Damaris Langat,27818138,0754098516,BR002,Kenya Revenue Authority,2025-09-19,Normal
M00125,Samuel Wanjiru,38126622,0743642236,BR003,Kenya Revenue Authority,2026-03-09,Normal
M00126,Kevin Ndungu,27983659,0789034501,BR003,Matatu SACCO Crew,2020-09-25,Normal
M00127,Martin Nyambura,37652501,0725253751,BR001,Retired,2021-06-15,Normal
M00128,Purity Muthoni,23659245,0770667140,BR002,Safaricom,2024-11-03,Normal
M00129,Rebecca Langat,37496999,0750484137,BR004,KPLC,2026-05-26,Normal
M00130,Lilian Maina,34303369,0724490391,BR011,KPLC,2019-11-07,Normal
M00131,Agnes Waweru,24977257,0718815720,BR012,County Government,2024-06-22,Normal
M00132,Rose Waweru,37802533,0749580505,BR005,KPLC,2026-01-24,Normal
M00133,Isaac Odhiambo,38499740,0738859907,BR009,Small Business Owner,2026-04-16,Normal
M00134,Erick Maina,33958296,0722762205,BR008,Matatu SACCO Crew,2022-01-23,Normal
M00135,Samuel Omondi,35913789,0719010480,BR007,Teacher - TSC,2023-01-03,Normal
M00136,Martin Wekesa,32503953,0727463800,BR014,Safaricom,2020-06-16,Normal
M00137,Everlyne Odhiambo,33784450,0757459130,BR001,Private Security Firm,2026-01-29,Normal
M00138,Nancy Wafula,31799288,0723905032,BR011,Kenya Ports Authority,2024-03-30,Normal
M00139,Esther Langat,23631206,0756991504,BR009,Private Security Firm,2021-11-20,Normal
M00140,Susan Cheruiyot,34398623,0785291541,BR009,Kenya Revenue Authority,2023-08-16,Normal
M00141,Nancy Adhiambo,28974056,0713886030,BR014,County Government,2026-05-20,Normal
M00142,Joseph Langat,24806722,0786010330,BR005,Ministry of Health,2022-12-19,Normal
M00143,Mary Otieno,37800045,0738874646,BR007,Small Business Owner,2020-04-13,Normal
M00144,Francis Wekesa,30884483,0786181117,BR007,Kenya Ports Authority,2024-08-03,Normal
M00145,Michael Kamau,22737421,0746521025,BR002,KPLC,2020-02-03,Normal
M00146,Beatrice Mutua,27233294,0778765957,BR011,Teacher - TSC,2024-04-03,Normal
M00147,Geoffrey Muthoni,36328685,0780723898,BR006,Ministry of Health,2024-04-27,Normal
M00148,Michael Kamau,20257935,0737437207,BR005,Boda Boda Operator,2020-01-05,Normal
M00149,David Mwangi,36689482,0767801537,BR004,County Government,2021-01-15,Normal
M00150,Purity Rotich,31883878,0719673809,BR003,Small Business Owner,2023-10-07,Normal
M00151,Simon Otieno,30504571,0787277086,BR014,Small Business Owner,2019-12-23,Normal
M00152,David Maina,20699829,0753589647,BR010,County Government,2024-01-14,Normal
M00153,Felix Odhiambo,28164346,0768475513,BR013,Kenya Ports Authority,2024-08-29,Normal
M00154,Francis Wekesa,31392175,0739738898,BR007,Matatu SACCO Crew,2025-05-18,Normal
M00155,Faith Koech,37111151,0736025314,BR013,Farmer / Agribusiness,2021-05-21,Normal
M00156,Damaris Kariuki,24955648,0741711468,BR013,Teacher - TSC,2023-06-03,Normal
M00157,Samuel Mumo,22528436,0733776150,BR003,Kenya Revenue Authority,2022-05-16,Normal
M00158,Emily Muthoni,35062760,0785764804,BR011,Ministry of Health,2025-01-15,Normal
M00159,Erick Otieno,35734380,0769352161,BR011,Ministry of Health,2023-02-15,Normal
M00160,Moses Otieno,30415559,0771974027,BR005,KPLC,2022-08-01,Normal
M00161,Jane Kariuki,23029847,0792545028,BR001,Kenya Ports Authority,2020-02-21,Normal
M00162,Irene Wekesa,21376493,0770362235,BR009,Farmer / Agribusiness,2023-10-24,Normal
M00163,Michael Onyango,36823095,0730248230,BR013,Self Employed,2025-11-29,Normal
M00164,Jane Koech,25790116,0715253567,BR008,National Police Service,2020-08-29,Normal
M00165,Nancy Njoroge,32210389,0760043345,BR012,Farmer / Agribusiness,2024-05-30,Normal
M00166,Everlyne Waweru,21757095,0794676162,BR005,Ministry of Health,2023-11-05,Normal
M00167,Geoffrey Maina,29534390,0743822301,BR006,Retired,2020-03-28,Normal
M00168,Anthony Omondi,24745548,0756952151,BR014,Boda Boda Operator,2026-04-05,Normal
M00169,Jane Wafula,38754312,0760557040,BR011,Ministry of Health,2023-11-24,Normal
M00170,Damaris Wekesa,37662829,0722543044,BR013,Ministry of Health,2023-03-09,Normal
M00171,Kevin Wafula,26048619,0738748452,BR011,Matatu SACCO Crew,2024-04-01,Normal
M00172,Samuel Wanjiru,22589230,0749700543,BR013,Private Security Firm,2024-12-14,Normal
M00173,Damaris Wekesa,37667469,0715066382,BR013,Ministry of Health,2020-08-20,Normal
M00174,Joseph Njoroge,25554572,0768743530,BR006,Self Employed,2020-12-20,Normal
M00175,Nancy Wafula,35063522,0741407343,BR007,Safaricom,2023-08-03,Normal
M00176,Lucy Kilonzo,39140098,0769135982,BR004,KPLC,2022-12-21,Normal
M00177,Beatrice Njoroge,26700743,0791156554,BR013,County Government,2022-08-30,Normal
M00178,Lilian Kilonzo,38607299,0723769360,BR014,Retired,2022-04-22,Normal
M00179,Elijah Njoroge,29153357,0770306604,BR014,Farmer / Agribusiness,2025-04-15,Normal
M00180,Simon Cheruiyot,35137343,0756920514,BR009,Farmer / Agribusiness,2021-02-25,Normal
M00181,Kevin Cheruiyot,32957584,0720952896,BR001,Matatu SACCO Crew,2024-02-26,Normal
M00182,Damaris Chebet,31250477,0729602406,BR004,County Government,2019-10-26,Normal
M00183,Ann Mumo,35740723,0770210270,BR001,Kenya Ports Authority,2022-09-20,Normal
M00184,Duncan Wanjiru,38414814,0791722503,BR001,Safaricom,2020-05-22,Normal
M00185,David Kamau,28000702,0766348030,BR007,Ministry of Health,2020-09-30,Normal
M00186,Robert Onyango,37986980,0712205915,BR013,Ministry of Health,2024-08-17,Normal
M00187,Margaret Nyambura,20052490,0792518345,BR009,Matatu SACCO Crew,2025-12-13,Normal
M00188,Geoffrey Otieno,37565226,0758399417,BR004,Teacher - TSC,2025-11-25,Normal
M00189,Purity Rotich,20682306,0762405812,BR009,Private Security Firm,2025-08-08,Normal
M00190,Kevin Mutua,20544998,0757928328,BR008,Kenya Revenue Authority,2019-12-28,Normal
M00191,Judith Odhiambo,39525435,0754629892,BR002,County Government,2023-05-15,Normal
M00192,Julius Njoroge,35590157,0774227366,BR001,Ministry of Health,2023-06-15,Normal
M00193,Sarah Kamau,29846298,0737057085,BR003,Self Employed,2021-01-05,Normal
M00194,Francis Koech,33362181,0782884346,BR013,KPLC,2021-09-27,Normal
M00195,Kevin Langat,21604037,0798010774,BR005,Matatu SACCO Crew,2019-11-29,Normal
M00196,Brian Wekesa,34755112,0761894582,BR005,Matatu SACCO Crew,2020-11-23,Normal
M00197,Kennedy Koech,28949661,0721087928,BR003,Retired,2025-01-24,Normal
M00198,Damaris Njoroge,38303083,0749428661,BR007,Matatu SACCO Crew,2020-05-21,Normal
M00199,Margaret Achieng,34298082,0732366682,BR002,Retired,2020-05-25,Normal
M00200,Felix Adhiambo,31829927,0792523968,BR008,Small Business Owner,2023-06-11,Normal
M00201,Rose Kilonzo,37216309,0731473054,BR005,Self Employed,2020-02-22,Normal
M00202,James Cheruiyot,32291943,0758607028,BR003,Small Business Owner,2026-04-25,Normal
M00203,Erick Kilonzo,32482697,0769584522,BR010,Kenya Revenue Authority,2019-11-12,Normal
M00204,Rose Barasa,29351276,0743502308,BR002,Teacher - TSC,2025-12-08,Normal
M00205,Rebecca Rotich,23951403,0745135070,BR001,Kenya Revenue Authority,2021-08-03,Normal
M00206,Margaret Chebet,36481943,0736867482,BR005,Teacher - TSC,2024-07-03,Normal
M00207,Isaac Achieng,22945768,0752894344,BR003,Ministry of Health,2020-05-01,Normal
M00208,Consolata Wafula,25284999,0795590648,BR006,County Government,2020-03-24,Normal
M00209,Daniel Ndungu,24659934,0741774192,BR013,Kenya Revenue Authority,2023-07-22,Normal
M00210,Joyce Achieng,38510199,0727417599,BR008,Kenya Ports Authority,2019-10-18,Normal
M00211,Isaac Wekesa,36061335,0780557676,BR015,Small Business Owner,2020-06-20,Normal
M00212,Patrick Kariuki,22488565,0770394554,BR013,KPLC,2024-02-04,Normal
M00213,Duncan Mumo,38498673,0795871687,BR011,Kenya Ports Authority,2025-04-21,Normal
M00214,Lilian Kamau,24166155,0779538491,BR003,County Government,2020-12-12,Normal
M00215,Isaac Cheruiyot,20790736,0779645282,BR005,Farmer / Agribusiness,2021-05-07,Normal
M00216,Vincent Mutua,24200018,0793889081,BR005,Boda Boda Operator,2020-05-21,Normal
M00217,Alice Muthoni,39483263,0730695604,BR010,County Government,2025-06-26,Normal
M00218,Susan Kamau,20952056,0720901547,BR011,Self Employed,2026-04-15,Normal
M00219,Emily Muthoni,33978332,0792961108,BR011,Ministry of Health,2025-12-20,Normal
M00220,Judith Wafula,36204939,0742866956,BR001,Kenya Revenue Authority,2025-01-31,Normal
M00221,Isaac Kamau,25304299,0769002851,BR013,Small Business Owner,2024-01-21,Normal
M00222,Samuel Barasa,30714480,0756354851,BR008,Small Business Owner,2024-09-16,Normal
M00223,Agnes Cheruiyot,35652222,0726444612,BR003,Boda Boda Operator,2023-08-28,Normal
M00224,Francis Maina,34030273,0743322272,BR008,Private Security Firm,2022-04-13,Normal
M00225,Mercy Barasa,26369775,0731386576,BR015,KPLC,2021-04-17,Normal
M00226,Winnie Mwangi,23021546,0762780072,BR009,Safaricom,2024-09-26,Normal
M00227,Grace Kamau,29440752,0776423575,BR008,Kenya Ports Authority,2022-03-15,Normal
M00228,Lilian Odhiambo,34459536,0727976443,BR015,Farmer / Agribusiness,2024-10-11,Normal
M00229,Brian Kamau,39135476,0785405783,BR005,National Police Service,2023-08-09,Normal
M00230,Moses Achieng,38450142,0747543473,BR006,Private Security Firm,2025-09-15,Normal
M00231,David Maina,32522458,0755511258,BR010,Safaricom,2026-05-09,Normal
M00232,Rose Koech,21350730,0716080513,BR006,Self Employed,2021-02-12,Normal
M00233,Ann Waweru,37297502,0728761086,BR003,Matatu SACCO Crew,2023-03-28,Normal
M00234,Michael Wekesa,30040638,0789688374,BR015,Matatu SACCO Crew,2026-05-18,Normal
M00235,Anthony Wafula,35934751,0712232974,BR009,Matatu SACCO Crew,2025-03-20,Normal
M00236,Irene Wamalwa,20894130,0790115852,BR006,KPLC,2020-09-23,Normal
M00237,Peter Muthoni,36121186,0732885741,BR005,Safaricom,2025-12-27,Normal
M00238,Esther Kamau,39212270,0724749927,BR011,National Police Service,2023-10-07,Normal
M00239,Dennis Chebet,26841469,0765079923,BR001,Safaricom,2024-06-12,Normal
M00240,Mercy Wekesa,22089813,0728533117,BR013,Safaricom,2026-05-11,Normal
M00241,Winnie Koech,32644141,0752111160,BR004,County Government,2025-10-16,Normal
M00242,Everlyne Mumo,28870522,0791883092,BR008,KPLC,2025-06-24,Normal
M00243,Esther Wafula,29697369,0737820354,BR004,Retired,2022-04-07,Normal
M00244,Vincent Adhiambo,29175712,0748626436,BR012,Teacher - TSC,2024-12-25,Normal
M00245,Rose Gitau,31580797,0729659692,BR010,Boda Boda Operator,2025-08-04,Normal
M00246,Erick Kariuki,28604831,0774300930,BR001,National Police Service,2022-09-23,Normal
M00247,Diana Mutua,24606116,0724660143,BR004,Kenya Ports Authority,2025-07-17,Normal
M00248,Geoffrey Wamalwa,37818795,0740289135,BR012,Ministry of Health,2026-01-30,Normal
M00249,Isaac Onyango,23373727,0728450513,BR004,Self Employed,2020-02-03,Normal
M00250,Consolata Wamalwa,35961831,0774082055,BR009,Ministry of Health,2021-04-09,Normal
M00251,Peter Adhiambo,23001803,0797550053,BR004,Kenya Ports Authority,2022-09-21,Normal
M00252,Alice Nyambura,25898490,0714877451,BR004,Private Security Firm,2025-07-02,Normal
M00253,Lilian Adhiambo,29712899,0715028625,BR007,Self Employed,2025-01-21,Normal
M00254,Patrick Wafula,35245425,0796075494,BR005,Safaricom,2025-11-14,Normal
M00255,Sarah Mutua,26469676,0725119192,BR009,Matatu SACCO Crew,2025-01-15,Normal
M00256,Joseph Mwangi,31311607,0749597485,BR003,Kenya Ports Authority,2024-08-24,Normal
M00257,Judith Wamalwa,33605999,0767405358,BR011,Safaricom,2021-09-01,Normal
M00258,Alice Wanjiru,36020701,0753433080,BR006,Farmer / Agribusiness,2020-06-22,Normal
M00259,Erick Mumo,28958842,0754241559,BR004,Boda Boda Operator,2019-07-30,Normal
M00260,Kevin Chebet,27928998,0718338186,BR010,Ministry of Health,2025-12-04,Normal
M00261,Geoffrey Koech,30434688,0725759274,BR002,Ministry of Health,2024-09-20,Normal
M00262,Esther Wanjiru,36045122,0730560218,BR015,KPLC,2022-10-23,Normal
M00263,Vincent Adhiambo,35798368,0782144402,BR012,Kenya Revenue Authority,2026-04-18,Normal
M00264,Nancy Langat,22747111,0780532309,BR011,KPLC,2021-12-13,Normal
M00265,Faith Kamau,38376059,0777845324,BR009,National Police Service,2023-07-23,Normal
M00266,Felix Koech,34825708,0725601471,BR010,Ministry of Health,2025-07-09,Normal
M00267,Moses Achieng,21866827,0770858653,BR004,County Government,2026-01-15,Normal
M00268,Caroline Achieng,30340454,0712921981,BR009,Small Business Owner,2024-02-28,Normal
M00269,Grace Nyambura,31560470,0718557710,BR005,Safaricom,2019-07-15,Normal
M00270,Dennis Njoroge,24544238,0796104027,BR001,Retired,2020-04-10,Normal
M00271,Rose Achieng,32666675,0760418290,BR011,Teacher - TSC,2024-03-19,Normal
M00272,Joyce Odhiambo,25988581,0782109613,BR011,Small Business Owner,2025-07-19,Normal
M00273,Emily Mwangi,30011400,0772143331,BR009,Ministry of Health,2020-12-05,Normal
M00274,Damaris Cheruiyot,28305125,0771824078,BR012,Matatu SACCO Crew,2025-08-10,Normal
M00275,Mercy Mumo,23786437,0714324134,BR003,Kenya Revenue Authority,2022-08-05,Normal
M00276,Consolata Wamalwa,20524985,0742301683,BR011,National Police Service,2024-03-15,Normal
M00277,Michael Omondi,21633306,0742847661,BR002,Retired,2020-08-19,Normal
M00278,Daniel Mumo,21893947,0728808678,BR001,Safaricom,2024-01-05,Normal
M00279,Michael Mumo,30759735,0741796721,BR005,Boda Boda Operator,2022-02-16,Normal
M00280,Francis Mutua,22045398,0784721440,BR015,Kenya Ports Authority,2021-02-08,Normal
M00281,Caroline Onyango,21573169,0756226575,BR015,Ministry of Health,2021-06-19,Normal
M00282,Dennis Nyambura,25006912,0750250352,BR011,Small Business Owner,2023-10-11,Normal
M00283,Paul Wafula,24843640,0772146184,BR003,Farmer / Agribusiness,2025-07-14,Normal
M00284,Caroline Koech,24499406,0762132722,BR001,National Police Service,2025-10-22,Normal
M00285,Rebecca Achieng,32451294,0722410307,BR005,Safaricom,2021-10-12,Normal
M00286,Geoffrey Waweru,21326995,0719768947,BR012,National Police Service,2021-08-21,Normal
M00287,Daniel Langat,31172428,0750693207,BR013,Farmer / Agribusiness,2026-02-02,Normal
M00288,Faith Wekesa,36069917,0742560305,BR001,Retired,2021-11-16,Normal
M00289,Caroline Barasa,29497890,0761091554,BR010,KPLC,2021-10-17,Normal
M00290,Moses Wamalwa,36685857,0772546007,BR009,Teacher - TSC,2023-07-13,Normal
M00291,Joyce Barasa,33889191,0716135823,BR013,Kenya Ports Authority,2024-10-07,Normal
M00292,Vincent Adhiambo,39596858,0787731247,BR014,Retired,2021-12-25,Normal
M00293,Paul Maina,39118963,0742981324,BR007,KPLC,2022-10-24,Normal
M00294,Winnie Wekesa,36461656,0771851421,BR009,County Government,2023-04-15,Normal
M00295,Vincent Onyango,26175618,0782764376,BR012,Ministry of Health,2023-06-14,Normal
M00296,Jane Gitau,21627872,0710856822,BR001,Small Business Owner,2025-05-18,Normal
M00297,Mary Kiptoo,36969580,0771204580,BR003,Matatu SACCO Crew,2022-02-04,Normal
M00298,Mary Mwangi,37858087,0784040345,BR001,Small Business Owner,2026-06-01,Normal
M00299,Caroline Wafula,20575210,0777406294,BR001,Private Security Firm,2019-09-09,Normal
M00300,David Koech,24996170,0742342289,BR012,National Police Service,2024-04-30,Normal
M00301,Catherine Ndungu,33317634,0720605783,BR010,Matatu SACCO Crew,2025-05-28,Normal
M00302,Isaac Cheruiyot,30065478,0720820219,BR007,Ministry of Health,2024-08-25,Normal
M00303,Brian Rotich,35972080,0717531619,BR014,Ministry of Health,2019-11-09,Normal
M00304,Dennis Kariuki,31115597,0785947990,BR001,Private Security Firm,2021-06-03,Normal
M00305,Robert Langat,39018120,0773820568,BR002,Boda Boda Operator,2025-06-04,Normal
M00306,Susan Omondi,21104000,0734072553,BR001,Farmer / Agribusiness,2020-05-02,Normal
M00307,Susan Wanjiru,33364596,0720326375,BR014,Boda Boda Operator,2023-01-11,Normal
M00308,Lilian Maina,38138265,0754524025,BR003,Small Business Owner,2025-10-28,Normal
M00309,Joyce Kamau,23277791,0768664992,BR013,National Police Service,2021-01-26,Normal
M00310,Nancy Waweru,33311145,0753805532,BR014,Self Employed,2020-05-09,Normal
M00311,Kevin Rotich,32597239,0767961650,BR011,County Government,2022-07-26,Normal
M00312,Michael Wafula,28269482,0719865900,BR011,Teacher - TSC,2026-01-26,Normal
M00313,Judith Wanjiru,33073544,0752503832,BR005,Matatu SACCO Crew,2021-03-25,Normal
M00314,Sarah Kilonzo,29051859,0723721268,BR002,County Government,2020-07-11,Normal
M00315,Vincent Koech,33691690,0723863742,BR002,Self Employed,2021-08-08,Normal
M00316,Michael Ndungu,30886075,0761705758,BR002,Self Employed,2023-06-21,Normal
M00317,Mercy Wamalwa,38774930,0742580349,BR005,Kenya Ports Authority,2024-02-21,Normal
M00318,Stephen Wafula,29006237,0776185975,BR009,County Government,2021-05-27,Normal
M00319,Francis Onyango,22581052,0758469365,BR002,Boda Boda Operator,2021-05-17,Normal
M00320,Sarah Odhiambo,24546274,0750890504,BR004,Self Employed,2025-01-22,Normal
M00321,Felix Barasa,34771430,0754927535,BR007,Small Business Owner,2023-03-24,Normal
M00322,Michael Chebet,26739457,0774291599,BR014,Matatu SACCO Crew,2026-03-02,Normal
M00323,Isaac Kariuki,36475471,0787293208,BR003,Kenya Revenue Authority,2023-12-20,Normal
M00324,Kennedy Maina,32247889,0725285764,BR004,Farmer / Agribusiness,2023-02-26,Normal
M00325,Alice Omondi,38458264,0713612618,BR010,Retired,2021-09-28,Normal
M00326,Damaris Chebet,22320579,0764914054,BR008,Ministry of Health,2021-11-07,Normal
M00327,Stephen Omondi,25172188,0766791272,BR008,Kenya Revenue Authority,2021-01-23,Normal
M00328,Winnie Muthoni,33448787,0781721578,BR007,Safaricom,2020-04-30,Normal
M00329,Kevin Chebet,38015575,0789701163,BR015,Ministry of Health,2024-03-11,Normal
M00330,Everlyne Omondi,31912119,0732325574,BR015,Ministry of Health,2020-06-15,Normal
M00331,Everlyne Kariuki,33408946,0754506155,BR010,Kenya Revenue Authority,2019-12-31,Normal
M00332,Paul Koech,37407964,0784892608,BR007,Kenya Ports Authority,2020-09-08,Normal
M00333,Brian Achieng,39749801,0777171380,BR012,County Government,2025-12-14,Normal
M00334,Dennis Adhiambo,22880809,0725578562,BR006,Private Security Firm,2019-10-11,Normal
M00335,Erick Ndungu,26941315,0779942848,BR012,KPLC,2021-02-02,Normal
M00336,Isaac Achieng,30700826,0719015987,BR006,Boda Boda Operator,2024-11-03,Normal
M00337,Judith Odhiambo,25514808,0742737441,BR001,Safaricom,2020-10-16,Normal
M00338,Dennis Achieng,27779781,0764364546,BR003,Ministry of Health,2025-09-09,Normal
M00339,Rose Mwangi,26621109,0770340936,BR003,Kenya Ports Authority,2021-08-04,Normal
M00340,Lucy Mutua,22099291,0787490324,BR007,Teacher - TSC,2023-11-11,Normal
M00341,Daniel Achieng,23823694,0745212476,BR013,Ministry of Health,2025-07-10,Normal
M00342,Agnes Waweru,33040569,0792048427,BR014,Small Business Owner,2024-12-27,Normal
M00343,Erick Waweru,25789062,0749922369,BR010,Farmer / Agribusiness,2020-10-12,Normal
M00344,Agnes Odhiambo,28005172,0750987410,BR010,Teacher - TSC,2026-02-13,Normal
M00345,Beatrice Waweru,24626058,0787149161,BR003,Small Business Owner,2023-09-09,Normal
M00346,Diana Adhiambo,25812795,0784479105,BR007,County Government,2021-08-01,Normal
M00347,Duncan Achieng,21798895,0758189421,BR008,Self Employed,2022-09-28,Normal
M00348,Caroline Koech,36608432,0764913082,BR008,Ministry of Health,2021-01-12,Normal
M00349,James Muthoni,21035513,0739598969,BR008,Boda Boda Operator,2024-02-29,Normal
M00350,Alice Mumo,35345159,0785920319,BR001,Retired,2022-08-01,Normal
M00351,Susan Odhiambo,28988860,0782894477,BR013,Private Security Firm,2025-01-20,Normal
M00352,Sarah Rotich,27333050,0767063296,BR006,Teacher - TSC,2025-07-31,Normal
M00353,Grace Achieng,28818615,0756785209,BR012,Private Security Firm,2022-04-11,Normal
M00354,Faith Mumo,27950590,0738169370,BR014,Kenya Revenue Authority,2020-06-23,Normal
M00355,Nancy Kariuki,34366902,0732277675,BR012,Kenya Ports Authority,2026-02-04,Normal
M00356,Susan Kilonzo,37860379,0747726592,BR003,Kenya Ports Authority,2021-10-26,Normal
M00357,Margaret Wafula,39217817,0745882178,BR009,Private Security Firm,2021-05-22,Normal
M00358,Irene Nyambura,21989304,0747221734,BR009,Private Security Firm,2020-07-27,Normal
M00359,Isaac Barasa,28306558,0762707402,BR011,KPLC,2020-12-03,Normal
M00360,Dennis Maina,35166325,0720135622,BR003,Ministry of Health,2025-12-23,Normal
M00361,Catherine Chebet,32383973,0771028216,BR013,KPLC,2020-07-18,Normal
M00362,Lilian Wekesa,23125315,0771532017,BR006,Ministry of Health,2026-01-10,Normal
M00363,Rose Kiptoo,34416430,0738434222,BR011,KPLC,2023-07-09,Normal
M00364,Anthony Wanjiru,38996576,0775140950,BR005,Kenya Revenue Authority,2023-02-14,Normal
M00365,Kennedy Gitau,35421005,0712185246,BR006,Teacher - TSC,2020-01-17,Normal
M00366,Dennis Kiptoo,24426268,0797241147,BR015,Boda Boda Operator,2021-04-10,Normal
M00367,Catherine Otieno,32477006,0799188862,BR003,Farmer / Agribusiness,2022-07-29,Normal
M00368,Francis Wekesa,27856563,0767610401,BR011,Ministry of Health,2021-05-10,Normal
M00369,James Wanjiru,39920578,0740358823,BR002,Safaricom,2020-07-26,Normal
M00370,Patrick Gitau,24046455,0766682016,BR011,Retired,2024-06-28,Normal
M00371,James Wekesa,23436885,0723851475,BR003,Matatu SACCO Crew,2024-11-09,Normal
M00372,Duncan Mumo,24467646,0796110892,BR006,Ministry of Health,2022-11-09,Normal
M00373,Nancy Kariuki,25506837,0769069144,BR003,Matatu SACCO Crew,2020-04-08,Normal
M00374,Rebecca Nyambura,34843939,0739158087,BR012,Teacher - TSC,2021-11-21,Normal
M00375,Susan Wekesa,32885972,0757182314,BR015,Small Business Owner,2020-08-17,Normal
M00376,James Cheruiyot,38568909,0790664728,BR006,Kenya Ports Authority,2021-01-25,Normal
M00377,Diana Mwangi,30121672,0737574457,BR012,Safaricom,2026-04-25,Normal
M00378,Margaret Kariuki,21831036,0742123815,BR010,KPLC,2025-03-20,Normal
M00379,Michael Otieno,37726353,0711619606,BR007,Matatu SACCO Crew,2020-10-06,Normal
M00380,Duncan Muthoni,34121836,0759044830,BR015,Safaricom,2023-01-19,Normal
M00381,Emily Otieno,20560003,0788834594,BR011,Teacher - TSC,2021-06-09,Normal
M00382,Peter Ndungu,33353825,0777996124,BR001,Boda Boda Operator,2022-06-10,Normal
M00383,Brian Otieno,38004127,0782162880,BR011,Kenya Ports Authority,2025-02-13,Normal
M00384,Moses Adhiambo,26818176,0730854365,BR003,Safaricom,2022-08-12,Normal
M00385,Damaris Kariuki,22218454,0751630244,BR006,Retired,2023-11-19,Normal
M00386,Simon Nyambura,23891863,0770850538,BR007,Kenya Ports Authority,2022-03-06,Normal
M00387,Everlyne Wekesa,25893698,0726031369,BR010,Self Employed,2020-02-13,Normal
M00388,Kevin Koech,37355118,0744795538,BR012,County Government,2021-01-15,Normal
M00389,Faith Mumo,20985032,0754964418,BR006,Kenya Revenue Authority,2020-12-03,Normal
M00390,Isaac Muthoni,22586041,0776591799,BR007,KPLC,2022-07-21,Normal
M00391,Anthony Njoroge,32337554,0731113788,BR009,Boda Boda Operator,2023-07-17,Normal
M00392,Faith Cheruiyot,37073330,0710344739,BR013,Self Employed,2020-08-27,Normal
M00393,Kevin Maina,25036005,0734019729,BR014,Farmer / Agribusiness,2019-08-22,Normal
M00394,Diana Wekesa,34071698,0740133935,BR014,Matatu SACCO Crew,2019-11-24,Normal
M00395,James Muthoni,32509366,0726025721,BR004,Safaricom,2024-03-02,Normal
M00396,Moses Kamau,33452805,0719251149,BR011,Farmer / Agribusiness,2020-02-03,Normal
M00397,Vincent Achieng,20267401,0759515518,BR008,National Police Service,2022-09-01,Normal
M00398,Esther Achieng,32357212,0789415412,BR005,KPLC,2025-10-28,Normal
M00399,Esther Wanjiru,20214006,0765034115,BR013,Self Employed,2021-09-10,Normal
M00400,Diana Wamalwa,20321948,0754965270,BR004,Self Employed,2025-07-29,Normal
M00401,Moses Cheruiyot,34086682,0776038997,BR013,Self Employed,2023-09-21,Normal
M00402,Paul Wamalwa,37440225,0765439545,BR003,Retired,2022-08-22,Normal
M00403,Jane Muthoni,23207032,0777837366,BR015,County Government,2023-09-05,Normal
M00404,Grace Nyambura,24385842,0741778964,BR011,Boda Boda Operator,2023-12-04,Normal
M00405,Mercy Barasa,30672246,0770768130,BR005,Boda Boda Operator,2023-01-13,Normal
M00406,Elijah Muthoni,23656521,0730858851,BR004,Teacher - TSC,2020-05-03,Normal
M00407,David Rotich,32022131,0737868462,BR003,KPLC,2024-07-17,Normal
M00408,Jane Njoroge,30207760,0790973889,BR005,Self Employed,2024-09-11,Normal
M00409,Paul Kilonzo,33295757,0778915391,BR004,Self Employed,2023-03-06,Normal
M00410,Alice Mwangi,33569151,0770693413,BR011,Safaricom,2022-11-08,Normal
M00411,David Ndungu,24690676,0726301180,BR012,Self Employed,2025-09-02,Normal
M00412,Brian Kilonzo,22819895,0788158177,BR001,Kenya Ports Authority,2021-12-29,Normal
M00413,Lucy Wamalwa,34879086,0727286109,BR005,Teacher - TSC,2020-05-05,Normal
M00414,Erick Kamau,25636782,0787025433,BR015,Small Business Owner,2023-03-22,Normal
M00415,Geoffrey Nyambura,25798447,0757505459,BR014,National Police Service,2023-12-06,Normal
M00416,Robert Wanjiru,21162642,0792423989,BR015,Kenya Ports Authority,2021-08-07,Normal
M00417,Dennis Wamalwa,38478045,0774294443,BR010,Self Employed,2022-04-04,Normal
M00418,Daniel Kariuki,37643392,0743440045,BR002,Ministry of Health,2022-08-21,Normal
M00419,Irene Chebet,32049802,0774382155,BR013,Safaricom,2025-08-06,Normal
M00420,Purity Barasa,33031913,0746297263,BR013,County Government,2024-12-08,Normal
M00421,Robert Ndungu,29426536,0717863981,BR001,Kenya Revenue Authority,2023-01-29,Normal
M00422,Esther Njoroge,23359950,0743266810,BR008,Ministry of Health,2025-06-09,Normal
M00423,Rebecca Wekesa,21875983,0739448924,BR004,Kenya Ports Authority,2022-06-28,Normal
M00424,Lilian Njoroge,25908947,0741749355,BR014,Kenya Ports Authority,2023-11-09,Normal
M00425,Isaac Kilonzo,39047219,0785645982,BR006,County Government,2023-07-11,Normal
M00426,Alice Onyango,21273851,0722114140,BR010,Self Employed,2021-08-12,Normal
M00427,Charles Mwangi,31131145,0792427773,BR004,National Police Service,2026-04-01,Normal
M00428,Rebecca Ndungu,30857838,0717993466,BR013,Self Employed,2020-12-18,Normal
M00429,Lilian Koech,32243671,0719735027,BR003,Matatu SACCO Crew,2026-01-29,Normal
M00430,Francis Barasa,24578558,0731139813,BR012,Retired,2023-12-09,Normal
M00431,Isaac Rotich,31973078,0739962391,BR007,Ministry of Health,2024-12-18,Normal
M00432,Isaac Wafula,24273102,0733851602,BR010,Retired,2021-06-20,Normal
M00433,Emily Muthoni,21086584,0734438599,BR001,Kenya Ports Authority,2025-12-04,Normal
M00434,Faith Adhiambo,36649207,0728876833,BR006,Matatu SACCO Crew,2026-05-11,Normal
M00435,Patrick Njoroge,22977150,0799929175,BR012,Ministry of Health,2020-05-16,Normal
M00436,Daniel Cheruiyot,22274815,0757040785,BR012,Boda Boda Operator,2023-04-08,Normal
M00437,Erick Wekesa,34081225,0732325567,BR013,Farmer / Agribusiness,2020-09-17,Normal
M00438,Brian Odhiambo,36088989,0787585294,BR007,Ministry of Health,2025-01-11,Normal
M00439,Kennedy Langat,21121147,0749581964,BR013,Self Employed,2022-01-11,Normal
M00440,Joseph Wamalwa,32598276,0731596235,BR006,Retired,2022-06-06,Normal
M00441,Michael Wamalwa,36197958,0714159837,BR002,Small Business Owner,2025-08-20,Normal
M00442,Alice Kamau,23397648,0754438762,BR011,National Police Service,2021-05-08,Normal
M00443,Mercy Rotich,28900808,0798663948,BR004,Boda Boda Operator,2024-02-03,Normal
M00444,Anthony Rotich,36473490,0730614492,BR005,Self Employed,2022-03-01,Normal
M00445,Duncan Omondi,36117146,0736799898,BR006,Teacher - TSC,2019-07-18,Normal
M00446,Jane Onyango,23875836,0751386492,BR001,Kenya Revenue Authority,2021-10-27,Normal
M00447,Catherine Otieno,38257839,0762013009,BR007,County Government,2024-10-12,Normal
M00448,Peter Mutua,34755240,0772419022,BR006,Boda Boda Operator,2023-10-12,Normal
M00449,Elijah Chebet,23244801,0721503440,BR004,Ministry of Health,2022-07-07,Normal
M00450,Susan Cheruiyot,38575797,0718185099,BR006,Private Security Firm,2025-07-28,Normal
M00451,Everlyne Langat,35932462,0786868410,BR007,Farmer / Agribusiness,2025-05-12,Normal
M00452,Robert Langat,21165294,0777390918,BR004,Kenya Ports Authority,2024-11-03,Normal
M00453,Nancy Wanjiru,24035989,0770269093,BR015,County Government,2025-04-18,Normal
M00454,Dennis Otieno,34609373,0737101146,BR003,Private Security Firm,2021-11-16,Normal
M00455,Simon Wekesa,22248548,0721680625,BR011,Small Business Owner,2021-02-27,Normal
M00456,Stephen Koech,35373203,0711659440,BR009,Kenya Revenue Authority,2023-12-16,Normal
M00457,Faith Nyambura,25021163,0729891032,BR012,Kenya Ports Authority,2026-02-02,Normal
M00458,Susan Mumo,23388676,0748398732,BR010,Private Security Firm,2026-01-13,Normal
M00459,Julius Onyango,39193914,0791733516,BR009,KPLC,2023-05-11,Normal
M00460,Michael Waweru,33479483,0715205303,BR001,Small Business Owner,2021-06-07,Normal
M00461,Charles Adhiambo,29012195,0759988144,BR015,Self Employed,2023-03-21,Normal
M00462,Charles Langat,23295628,0740595926,BR006,County Government,2022-11-25,Normal
M00463,Dennis Waweru,22995969,0735224301,BR005,KPLC,2024-06-20,Normal
M00464,Lilian Kilonzo,21885954,0779158328,BR004,Kenya Revenue Authority,2024-01-25,Normal
M00465,Rose Wanjiru,37592126,0786325904,BR003,Self Employed,2020-03-27,Normal
M00466,Esther Kamau,35315875,0716785951,BR003,Farmer / Agribusiness,2021-08-30,Normal
M00467,Erick Koech,33319172,0795283260,BR006,Farmer / Agribusiness,2021-09-25,Normal
M00468,Michael Achieng,25958719,0773697356,BR002,Kenya Ports Authority,2019-11-05,Normal
M00469,Robert Mutua,23033049,0748261364,BR009,Self Employed,2023-06-04,Normal
M00470,Emily Kiptoo,27427309,0796889858,BR007,National Police Service,2020-01-22,Normal
M00471,Purity Mwangi,20298566,0773632249,BR011,Farmer / Agribusiness,2021-10-26,Normal
M00472,Esther Mutua,30249526,0796267144,BR003,Boda Boda Operator,2021-06-11,Normal
M00473,Daniel Achieng,30138306,0779878835,BR007,Private Security Firm,2023-09-22,Normal
M00474,Moses Omondi,32557067,0785357498,BR010,Ministry of Health,2023-12-15,Normal
M00475,David Onyango,22142016,0755135227,BR010,Boda Boda Operator,2026-05-01,Normal
M00476,Isaac Wamalwa,30025766,0735281262,BR011,County Government,2023-02-23,Normal
M00477,Irene Ndungu,33559293,0798654879,BR009,Matatu SACCO Crew,2022-03-13,Normal
M00478,Margaret Mutua,34044733,0764304344,BR011,Small Business Owner,2021-01-26,Normal
M00479,Susan Gitau,26372495,0756059101,BR012,Retired,2019-11-24,Normal
M00480,Winnie Adhiambo,32029167,0778090647,BR012,Boda Boda Operator,2021-12-29,Normal
M00481,Alice Wafula,23275015,0773187139,BR014,County Government,2021-05-29,Normal
M00482,Alice Omondi,31261956,0797836731,BR012,Teacher - TSC,2022-05-27,Normal
M00483,Margaret Nyambura,31117158,0759886371,BR004,Boda Boda Operator,2023-06-27,Normal
M00484,Winnie Kamau,39581514,0787888306,BR010,Kenya Ports Authority,2022-10-19,Normal
M00485,Lilian Omondi,32806693,0781113720,BR002,Boda Boda Operator,2024-10-18,Normal
M00486,Daniel Barasa,33730199,0786424055,BR007,Farmer / Agribusiness,2020-02-09,Normal
M00487,Isaac Njoroge,22711582,0775441993,BR015,Matatu SACCO Crew,2024-08-19,Normal
M00488,Mary Achieng,29178072,0738102825,BR011,Kenya Revenue Authority,2021-06-26,Normal
M00489,Winnie Ndungu,22954177,0727368573,BR013,Kenya Ports Authority,2021-05-23,Normal
M00490,Charles Maina,20156670,0715063406,BR007,Safaricom,2024-04-25,Normal
M00491,Emily Gitau,37818537,0735578773,BR004,Self Employed,2023-09-08,Normal
M00492,Esther Chebet,31554461,0751888314,BR011,County Government,2019-07-19,Normal
M00493,Alice Otieno,21534053,0750024028,BR002,Boda Boda Operator,2023-10-21,Normal
M00494,Beatrice Wamalwa,24489228,0756000822,BR008,Farmer / Agribusiness,2025-05-03,Normal
M00495,Simon Adhiambo,33535577,0712566878,BR008,National Police Service,2023-07-13,Normal
M00496,Susan Koech,25670187,0726530521,BR004,Matatu SACCO Crew,2020-12-21,Normal
M00497,Catherine Mumo,37942676,0793635734,BR012,Self Employed,2019-12-03,Normal
M00498,Mary Kamau,23885261,0765938669,BR010,KPLC,2020-01-15,Normal
M00499,Isaac Wanjiru,26895265,0794598956,BR007,Self Employed,2020-11-20,Normal
M00500,Catherine Waweru,24602444,0766213840,BR005,Private Security Firm,2024-03-21,Normal
M00501,Faith Wafula,23825626,0724262473,BR015,KPLC,2020-09-04,Normal
M00502,Damaris Koech,26767029,0758039455,BR004,Retired,2026-05-01,Normal
M00503,Charles Adhiambo,26969053,0774513622,BR007,Matatu SACCO Crew,2022-10-24,Normal
M00504,Rebecca Odhiambo,39265369,0799794603,BR004,KPLC,2019-07-14,Normal
M00505,Martin Odhiambo,28586314,0796481420,BR003,National Police Service,2020-07-05,Normal
M00506,David Gitau,25862019,0715294153,BR008,Private Security Firm,2022-10-27,Normal
M00507,David Odhiambo,21539782,0711298197,BR005,Private Security Firm,2023-07-17,Normal
M00508,Erick Waweru,29002969,0722475714,BR003,Matatu SACCO Crew,2021-05-31,Normal
M00509,Brian Achieng,29121204,0761769856,BR014,Retired,2023-05-06,Normal
M00510,Irene Njoroge,23793548,0727785402,BR014,Retired,2024-11-11,Normal
M00511,Simon Muthoni,36195880,0786362294,BR012,Ministry of Health,2020-02-28,Normal
M00512,Kevin Waweru,20966912,0727536261,BR008,KPLC,2021-07-14,Normal
M00513,Sarah Kamau,22125205,0745113084,BR015,Ministry of Health,2024-12-22,Normal
M00514,Susan Wekesa,38958664,0740062746,BR006,Ministry of Health,2019-08-22,Normal
M00515,Diana Waweru,23195795,0768095862,BR014,Ministry of Health,2023-04-18,Normal
M00516,Geoffrey Kariuki,32914316,0729952062,BR012,Private Security Firm,2022-04-16,Normal
M00517,Julius Adhiambo,25265608,0777856130,BR014,Private Security Firm,2025-10-05,Normal
M00518,Charles Barasa,28082988,0754411953,BR008,Boda Boda Operator,2025-01-22,Normal
M00519,Rose Maina,27885291,0720580463,BR001,KPLC,2025-03-09,Normal
M00520,Charles Achieng,30605265,0725932563,BR008,KPLC,2025-12-05,Normal
M00521,Peter Rotich,38424698,0710022778,BR012,Private Security Firm,2019-09-13,Normal
M00522,Consolata Koech,38868750,0737763104,BR002,Ministry of Health,2026-04-11,Normal
M00523,Peter Gitau,27479890,0770996586,BR011,Matatu SACCO Crew,2024-08-13,Normal
M00524,Joyce Chebet,35184469,0725303956,BR009,Teacher - TSC,2026-03-25,Normal
M00525,Duncan Kariuki,29797342,0783509785,BR013,Safaricom,2021-12-27,Normal
M00526,Winnie Wanjiru,33730834,0724356130,BR006,Boda Boda Operator,2020-09-10,Normal
M00527,Felix Maina,27233983,0771343676,BR010,Private Security Firm,2021-09-12,Normal
M00528,Dennis Kamau,39757222,0726538199,BR013,Kenya Revenue Authority,2021-08-21,Normal
M00529,Purity Wanjiru,36737911,0710582186,BR015,Safaricom,2024-07-21,Normal
M00530,Damaris Muthoni,36204507,0778227286,BR012,Kenya Revenue Authority,2020-01-17,Normal
M00531,Duncan Wanjiru,23474694,0761996696,BR015,Ministry of Health,2021-06-27,Normal
M00532,Rose Nyambura,28329511,0746721417,BR010,Small Business Owner,2026-04-19,Normal
M00533,Ann Nyambura,37189755,0750119441,BR006,Private Security Firm,2022-10-19,Normal
M00534,Rebecca Rotich,27292806,0736962876,BR012,National Police Service,2025-08-23,Normal
M00535,Ann Chebet,25966404,0777631432,BR010,Safaricom,2022-10-05,Normal
M00536,Caroline Onyango,39555733,0786589761,BR012,Ministry of Health,2023-02-12,Normal
M00537,Felix Nyambura,20428507,0780159631,BR012,Teacher - TSC,2024-03-07,Normal
M00538,Peter Kiptoo,28958304,0731600382,BR001,Boda Boda Operator,2023-10-10,Normal
M00539,Diana Ndungu,29903274,0737380537,BR011,Kenya Revenue Authority,2022-04-24,Normal
M00540,Faith Waweru,38853731,0740106027,BR009,Retired,2019-11-12,Normal
M00541,Kennedy Ndungu,29651551,0799186817,BR011,Self Employed,2025-10-17,Normal
M00542,Kennedy Omondi,30490926,0784104909,BR015,Self Employed,2023-10-12,Normal
M00543,Emily Langat,34866755,0740272606,BR001,Farmer / Agribusiness,2022-04-27,Normal
M00544,Nancy Kiptoo,26492705,0749483865,BR011,KPLC,2023-08-17,Normal
M00545,Mercy Koech,24004849,0760626689,BR003,Self Employed,2020-05-03,Normal
M00546,Joseph Muthoni,28556922,0710757677,BR007,Matatu SACCO Crew,2022-08-19,Normal
M00547,Patrick Waweru,21706425,0793935292,BR008,Kenya Ports Authority,2021-03-28,Normal
M00548,Caroline Kilonzo,22445473,0752662313,BR014,Safaricom,2022-11-17,Normal
M00549,Moses Njoroge,33956336,0782890984,BR004,Safaricom,2021-07-25,Normal
M00550,Daniel Omondi,31136162,0754434998,BR007,Matatu SACCO Crew,2020-07-13,Normal
M00551,Caroline Gitau,20295403,0725397719,BR005,Ministry of Health,2021-12-13,Normal
M00552,Nancy Adhiambo,28181481,0715352233,BR006,Ministry of Health,2024-07-01,Normal
M00553,Faith Maina,28609750,0782509424,BR015,Retired,2023-02-06,Normal
M00554,Joyce Koech,37070333,0769801634,BR005,KPLC,2019-10-12,Normal
M00555,Moses Otieno,23219763,0732467350,BR001,Kenya Revenue Authority,2022-10-29,Normal
M00556,Lucy Omondi,27152970,0766936428,BR009,Private Security Firm,2025-06-25,Normal
M00557,Consolata Wekesa,34604155,0796779969,BR002,Private Security Firm,2021-10-22,Normal
M00558,Patrick Kamau,22936714,0719831184,BR002,Self Employed,2021-03-23,Normal
M00559,Duncan Cheruiyot,28678785,0764711545,BR003,Small Business Owner,2022-04-29,Normal
M00560,Brian Omondi,23969682,0781784254,BR008,Self Employed,2024-01-14,Normal
M00561,Felix Otieno,32002424,0777489633,BR011,Teacher - TSC,2020-03-18,Normal
M00562,Elijah Adhiambo,34685974,0761192463,BR005,Small Business Owner,2022-11-18,Normal
M00563,Paul Wanjiru,33119533,0783245898,BR014,Boda Boda Operator,2019-11-06,Normal
M00564,Rebecca Ndungu,32520182,0711496555,BR011,Safaricom,2021-02-12,Normal
M00565,John Muthoni,33223187,0782095327,BR014,Safaricom,2025-09-22,Normal
M00566,Consolata Wekesa,31537746,0738418851,BR002,Small Business Owner,2022-12-02,Normal
M00567,Paul Waweru,28480606,0736082023,BR015,Teacher - TSC,2025-04-01,Normal
M00568,Rebecca Rotich,35477491,0796526748,BR003,Safaricom,2025-11-11,Normal
M00569,Daniel Wekesa,39481557,0745672884,BR002,Matatu SACCO Crew,2022-10-05,Normal
M00570,Francis Waweru,22342397,0735970938,BR006,Matatu SACCO Crew,2020-12-09,Normal
M00571,Margaret Chebet,39601490,0730454105,BR008,Kenya Ports Authority,2024-07-21,Normal
M00572,Alice Mwangi,30509744,0743041067,BR010,Kenya Revenue Authority,2023-08-03,Normal
M00573,Ann Omondi,31125406,0774418331,BR004,KPLC,2024-05-23,Normal
M00574,David Njoroge,22750580,0747663633,BR008,Private Security Firm,2023-07-11,Normal
M00575,Martin Wamalwa,22565651,0720120010,BR014,Farmer / Agribusiness,2021-01-26,Normal
M00576,Anthony Muthoni,33594056,0789193333,BR001,National Police Service,2025-03-10,Normal
M00577,Robert Rotich,35841179,0797766064,BR015,Kenya Revenue Authority,2019-11-30,Normal
M00578,Elijah Muthoni,29764311,0727969238,BR003,KPLC,2023-08-09,Normal
M00579,Moses Mwangi,28015509,0792414513,BR009,Ministry of Health,2025-03-23,Normal
M00580,Joseph Muthoni,38985518,0798504955,BR003,Private Security Firm,2025-04-07,Normal
M00581,Elijah Onyango,27776236,0718437082,BR003,Boda Boda Operator,2024-12-03,Normal
M00582,Purity Adhiambo,32121584,0762088975,BR006,KPLC,2022-02-15,Normal
M00583,Julius Barasa,23463656,0779977486,BR015,Ministry of Health,2024-08-07,Normal
M00584,Susan Njoroge,32638597,0797734815,BR014,Small Business Owner,2022-07-27,Normal
M00585,Jane Koech,28441839,0760509993,BR006,Farmer / Agribusiness,2026-02-03,Normal
M00586,Felix Kilonzo,36336363,0774707720,BR004,Farmer / Agribusiness,2025-04-17,Normal
M00587,Sarah Njoroge,27717209,0720346606,BR010,Safaricom,2019-07-30,Normal
M00588,Joseph Kilonzo,23970503,0798732634,BR011,National Police Service,2022-08-26,Normal
M00589,Charles Onyango,27070051,0789294612,BR007,County Government,2023-03-16,Normal
M00590,Samuel Muthoni,39875889,0731626387,BR011,County Government,2024-02-10,Normal
M00591,Ann Kamau,25581490,0744663022,BR011,Farmer / Agribusiness,2025-04-01,Normal
M00592,Susan Kariuki,20624784,0798817918,BR003,Private Security Firm,2025-04-18,Normal
M00593,Charles Langat,36162109,0732893086,BR005,National Police Service,2020-06-18,Normal
M00594,Anthony Gitau,26103019,0793646063,BR014,Ministry of Health,2024-02-09,Normal
M00595,Agnes Adhiambo,35215933,0790065352,BR009,Kenya Ports Authority,2022-06-20,Normal
M00596,David Mwangi,26789690,0780157128,BR002,Private Security Firm,2022-01-29,Normal
M00597,Nancy Odhiambo,25953300,0773870080,BR015,Farmer / Agribusiness,2025-02-26,Normal
M00598,Caroline Koech,23943196,0722507745,BR010,KPLC,2026-03-24,Normal
M00599,Mary Wamalwa,34478630,0780067590,BR011,Small Business Owner,2020-12-17,Normal
M00600,Kennedy Onyango,32792174,0757045704,BR006,Kenya Ports Authority,2019-12-27,Normal
M00601,Stephen Onyango,27801837,0721249805,BR013,Boda Boda Operator,2025-12-17,Normal
M00602,John Chebet,20238708,0787576121,BR010,Safaricom,2025-08-07,Normal
M00603,Daniel Chebet,30599902,0764874257,BR002,Matatu SACCO Crew,2025-04-30,Normal
M00604,Catherine Mutua,37988695,0766849468,BR002,Kenya Ports Authority,2021-03-27,Normal
M00605,Rose Mumo,26834825,0765462544,BR006,Safaricom,2026-05-13,Normal
M00606,Vincent Rotich,36232297,0744061458,BR013,Boda Boda Operator,2025-10-02,Normal
M00607,Lilian Langat,23995855,0740839382,BR010,KPLC,2023-05-13,Normal
M00608,Brian Ndungu,31356089,0783897088,BR013,Kenya Ports Authority,2021-04-25,Normal
M00609,Julius Mwangi,23056425,0729505652,BR012,KPLC,2020-02-01,Normal
M00610,Stephen Cheruiyot,32443162,0720742751,BR015,Kenya Ports Authority,2026-03-26,Normal
M00611,Purity Wafula,21928139,0733524492,BR001,Ministry of Health,2023-10-24,Normal
M00612,Geoffrey Adhiambo,37386339,0748387144,BR008,National Police Service,2024-06-04,Normal
M00613,Esther Waweru,25686902,0714840043,BR001,Matatu SACCO Crew,2026-03-23,Normal
M00614,Stephen Mumo,33402770,0757395992,BR004,Ministry of Health,2019-07-04,Normal
M00615,John Wekesa,22302410,0722101856,BR007,Safaricom,2024-01-18,Normal
M00616,Duncan Mutua,27593217,0791384718,BR005,National Police Service,2025-10-09,Normal
M00617,Joseph Nyambura,36986531,0724289484,BR008,Safaricom,2024-01-12,Normal
M00618,David Ndungu,37223043,0744587020,BR002,Farmer / Agribusiness,2025-02-21,Normal
M00619,Rose Muthoni,36227926,0742651583,BR009,Kenya Revenue Authority,2025-12-12,Normal
M00620,Lilian Mwangi,36172235,0725605267,BR006,Boda Boda Operator,2024-08-24,Normal
M00621,Esther Omondi,27715175,0752376656,BR002,Small Business Owner,2023-10-17,Normal
M00622,Duncan Mutua,28330143,0748559355,BR006,Teacher - TSC,2025-04-17,Normal
M00623,Alice Onyango,30531822,0757451057,BR007,National Police Service,2023-05-03,Normal
M00624,Martin Omondi,26380962,0776974557,BR015,Retired,2025-12-07,Normal
M00625,Lucy Cheruiyot,26803716,0743513553,BR004,Private Security Firm,2022-02-18,Normal
M00626,Faith Adhiambo,22633605,0799043272,BR010,KPLC,2023-06-30,Normal
M00627,Lilian Onyango,32455288,0793304578,BR010,Matatu SACCO Crew,2019-07-30,Normal
M00628,Elijah Adhiambo,37150798,0747616749,BR008,Small Business Owner,2025-12-11,Normal
M00629,Kennedy Nyambura,36049758,0782580645,BR004,Self Employed,2025-12-20,Normal
M00630,Emily Njoroge,35340953,0726155543,BR009,Retired,2023-05-25,Normal
M00631,Mary Omondi,27071676,0760925964,BR009,Kenya Ports Authority,2024-08-29,Normal
M00632,Catherine Njoroge,38406733,0745279000,BR002,National Police Service,2023-02-24,Normal
M00633,Joseph Onyango,34225162,0738257191,BR005,Small Business Owner,2024-10-14,Normal
M00634,Catherine Achieng,26036080,0786693314,BR012,County Government,2023-09-04,Normal
M00635,Irene Cheruiyot,38634119,0768011418,BR010,Private Security Firm,2022-01-24,Normal
M00636,Mercy Wanjiru,35870810,0711307588,BR007,County Government,2021-09-13,Normal
M00637,Lilian Kariuki,37347875,0781669929,BR007,Retired,2025-02-07,Normal
M00638,Felix Muthoni,21600858,0763472598,BR006,Teacher - TSC,2024-12-16,Normal
M00639,Stephen Onyango,23231355,0770378491,BR012,Retired,2021-05-02,Normal
M00640,Vincent Adhiambo,28647474,0756189726,BR006,Self Employed,2022-06-01,Normal
M00641,Nancy Kiptoo,39356000,0787295245,BR007,Ministry of Health,2020-11-10,Normal
M00642,Margaret Kilonzo,30908219,0778510704,BR011,KPLC,2025-07-16,Normal
M00643,Francis Achieng,24860303,0732491607,BR013,Ministry of Health,2024-07-06,Normal
M00644,Susan Maina,22393910,0720618223,BR013,County Government,2023-04-14,Normal
M00645,Francis Chebet,28974884,0791253395,BR006,Ministry of Health,2022-01-22,Normal
M00646,Joyce Wekesa,39693759,0779918804,BR007,KPLC,2022-07-18,Normal
M00647,Ann Wekesa,27872782,0798855162,BR007,Boda Boda Operator,2021-05-18,Normal
M00648,David Odhiambo,22140517,0773509922,BR012,Safaricom,2020-05-25,Normal
M00649,Jane Odhiambo,28806436,0792960269,BR001,County Government,2019-10-18,Normal
M00650,Martin Wafula,34869996,0794084814,BR002,County Government,2023-11-15,Normal
M00651,Geoffrey Kilonzo,30911945,0773908407,BR003,KPLC,2025-05-29,Normal
M00652,Ann Chebet,38095488,0733761455,BR014,Kenya Ports Authority,2025-07-25,Normal
M00653,Consolata Muthoni,34595418,0780257585,BR010,Ministry of Health,2024-08-15,Normal
M00654,Winnie Rotich,27621165,0722019737,BR011,KPLC,2025-06-27,Normal
M00655,Francis Mwangi,20003098,0780238316,BR005,Private Security Firm,2023-08-09,Normal
M00656,Vincent Mwangi,36506487,0774030858,BR013,Boda Boda Operator,2021-01-11,Normal
M00657,Irene Mwangi,38394948,0760149632,BR001,National Police Service,2024-04-30,Normal
M00658,Joseph Chebet,33076942,0760782359,BR007,National Police Service,2025-10-15,Normal
M00659,Purity Mumo,29122279,0748208680,BR005,Ministry of Health,2020-05-22,Normal
M00660,Felix Otieno,26120569,0728337367,BR012,Boda Boda Operator,2025-06-19,Normal
M00661,Isaac Waweru,36508646,0735204672,BR002,Matatu SACCO Crew,2024-08-10,Normal
M00662,Mary Njoroge,23431728,0747864772,BR001,Boda Boda Operator,2021-03-17,Normal
M00663,Samuel Mwangi,36561781,0739150491,BR003,Matatu SACCO Crew,2024-06-01,Normal
M00664,Sarah Chebet,21064921,0754325223,BR007,Teacher - TSC,2022-12-30,Normal
M00665,Brian Otieno,38226497,0773102032,BR014,County Government,2021-02-20,Normal
M00666,Faith Mumo,28353790,0761646699,BR004,Kenya Revenue Authority,2022-04-22,Normal
M00667,Martin Mumo,23152784,0779946108,BR008,Ministry of Health,2022-04-10,Normal
M00668,Margaret Adhiambo,30840201,0731288466,BR004,Ministry of Health,2024-10-20,Normal
M00669,Catherine Onyango,30026503,0736672234,BR012,Matatu SACCO Crew,2019-12-22,Normal
M00670,Esther Kariuki,34568047,0753555463,BR015,Self Employed,2020-02-01,Normal
M00671,Kennedy Cheruiyot,20299636,0715636254,BR003,Kenya Ports Authority,2022-08-06,Normal
M00672,Elijah Otieno,28345734,0731165928,BR013,KPLC,2024-10-30,Normal
M00673,Kevin Kariuki,25164645,0781988124,BR002,Kenya Revenue Authority,2023-04-19,Normal
M00674,Vincent Ndungu,31654049,0768883853,BR002,Retired,2020-11-29,Normal
M00675,Samuel Mutua,21325015,0775136149,BR004,Retired,2019-09-28,Normal
M00676,Winnie Kiptoo,39015354,0735048615,BR008,Safaricom,2025-10-08,Normal
M00677,Duncan Waweru,38606614,0731520928,BR006,Teacher - TSC,2023-02-17,Normal
M00678,Stephen Rotich,32318258,0770945449,BR009,Self Employed,2021-03-28,Normal
M00679,Consolata Mwangi,32216336,0793241474,BR013,National Police Service,2025-03-05,Normal
M00680,Damaris Maina,26370961,0780339453,BR006,Ministry of Health,2020-03-18,Normal
M00681,Agnes Nyambura,30805334,0724826245,BR008,Teacher - TSC,2025-09-07,Normal
M00682,Ann Njoroge,21049373,0737122588,BR009,Teacher - TSC,2020-04-01,Normal
M00683,Julius Gitau,33039212,0798304696,BR008,KPLC,2021-08-25,Normal
M00684,Paul Waweru,22378135,0711756387,BR009,Farmer / Agribusiness,2026-02-13,Normal
M00685,Robert Gitau,22682905,0772821834,BR015,Kenya Revenue Authority,2021-11-03,Normal
M00686,Consolata Nyambura,32383888,0717824896,BR011,Private Security Firm,2020-03-07,Normal
M00687,James Gitau,30197344,0720460308,BR010,National Police Service,2022-06-25,Normal
M00688,Caroline Maina,26357236,0735920053,BR009,Safaricom,2020-08-03,Normal
M00689,Alice Rotich,38728124,0765725133,BR011,Retired,2022-04-16,Normal
M00690,Diana Omondi,34330258,0723972387,BR002,County Government,2025-12-19,Normal
M00691,Patrick Omondi,25307521,0781658908,BR013,Kenya Ports Authority,2021-07-10,Normal
M00692,Agnes Langat,32472837,0765343779,BR008,Kenya Revenue Authority,2023-06-15,Normal
M00693,Susan Rotich,27178237,0760340113,BR011,Kenya Revenue Authority,2024-04-30,Normal
M00694,Sarah Maina,20006564,0714652375,BR009,Boda Boda Operator,2022-05-08,Normal
M00695,Robert Wafula,20220413,0750310141,BR010,National Police Service,2019-09-07,Normal
M00696,Diana Gitau,29259584,0784311410,BR004,Safaricom,2023-01-12,Normal
M00697,Peter Achieng,31933826,0730952341,BR009,County Government,2025-11-25,Normal
M00698,Stephen Ndungu,30076477,0722335296,BR005,Kenya Ports Authority,2023-08-14,Normal
M00699,Mercy Barasa,36191126,0733206579,BR007,KPLC,2025-11-18,Normal
M00700,Margaret Kamau,39336872,0761210252,BR014,Teacher - TSC,2025-12-18,Normal
M00701,Duncan Nyambura,33976149,0726178675,BR013,Private Security Firm,2020-02-17,Normal
M00702,Rebecca Mwangi,32834132,0717264930,BR013,Boda Boda Operator,2022-01-16,Normal
M00703,Ann Barasa,36857800,0739634895,BR009,County Government,2019-12-18,Normal
M00704,Susan Koech,23022682,0739807828,BR001,Small Business Owner,2023-11-28,Normal
M00705,James Onyango,39174364,0716618423,BR005,Safaricom,2023-12-04,Normal
M00706,Dennis Mumo,24374664,0728102047,BR007,KPLC,2022-06-12,Normal
M00707,Anthony Kiptoo,38829660,0770548145,BR009,Retired,2021-09-21,Normal
M00708,Elijah Nyambura,30851893,0787311859,BR009,Teacher - TSC,2022-04-06,Normal
M00709,Daniel Barasa,31560337,0789708841,BR002,Ministry of Health,2024-02-21,Normal
M00710,Nancy Gitau,34838108,0793642093,BR001,County Government,2022-12-02,Normal
M00711,Kevin Wanjiru,22879454,0725082279,BR008,Retired,2020-01-02,Normal
M00712,Lilian Gitau,29653109,0711843251,BR001,Matatu SACCO Crew,2022-03-24,Normal
M00713,John Barasa,27013196,0782209870,BR012,National Police Service,2020-09-30,Normal
M00714,Caroline Onyango,24742832,0799692417,BR004,Self Employed,2025-08-18,Normal
M00715,Joseph Kamau,29529913,0736936968,BR007,Kenya Revenue Authority,2026-01-14,Normal
M00716,John Otieno,33040767,0798633740,BR012,Boda Boda Operator,2022-07-18,Normal
M00717,Felix Wamalwa,32969567,0741026926,BR011,Small Business Owner,2023-07-17,Normal
M00718,Michael Rotich,22953483,0735020518,BR009,National Police Service,2020-08-13,Normal
M00719,Mary Kamau,28301102,0781056927,BR009,Boda Boda Operator,2024-08-20,Normal
M00720,Mary Kilonzo,31808243,0757698045,BR006,Ministry of Health,2024-12-29,Normal
M00721,Peter Kariuki,28646284,0761965156,BR005,Farmer / Agribusiness,2022-02-24,Normal
M00722,Esther Wanjiru,31468440,0762726977,BR014,Ministry of Health,2019-10-31,Normal
M00723,Everlyne Waweru,27631216,0766013532,BR003,National Police Service,2020-06-26,Normal
M00724,Rebecca Waweru,31048962,0770286467,BR010,Safaricom,2021-03-19,Normal
M00725,Vincent Omondi,26788404,0728536762,BR003,Boda Boda Operator,2021-10-26,Normal
M00726,Simon Mumo,24870506,0798077934,BR012,Farmer / Agribusiness,2025-05-17,Normal
M00727,Vincent Wekesa,23972418,0734714210,BR010,Matatu SACCO Crew,2021-04-10,Normal
M00728,Consolata Nyambura,33799319,0750714693,BR014,KPLC,2021-02-18,Normal
M00729,Faith Wanjiru,26199063,0713516265,BR012,Kenya Revenue Authority,2022-07-28,Normal
M00730,Esther Waweru,27790753,0740992534,BR010,Ministry of Health,2022-06-30,Normal
M00731,Winnie Wanjiru,36855216,0791163038,BR001,KPLC,2023-07-13,Normal
M00732,Winnie Onyango,24614161,0731983035,BR012,National Police Service,2023-09-11,Normal
M00733,Mary Adhiambo,29054955,0765437830,BR004,National Police Service,2019-11-12,Normal
M00734,Simon Achieng,36439755,0753606752,BR012,Private Security Firm,2021-10-10,Normal
M00735,Peter Waweru,32763239,0751996390,BR008,Small Business Owner,2022-04-08,Normal
M00736,Judith Wamalwa,21292247,0779880338,BR010,Teacher - TSC,2025-11-30,Normal
M00737,Esther Koech,38047893,0763098035,BR008,Retired,2024-08-16,Normal
M00738,Judith Kamau,26370320,0749081432,BR001,KPLC,2025-10-03,Normal
M00739,Dennis Wafula,21830282,0779386491,BR007,Farmer / Agribusiness,2022-12-01,Normal
M00740,Martin Koech,23797408,0734128507,BR003,Kenya Revenue Authority,2024-09-12,Normal
M00741,Patrick Achieng,20835911,0734008676,BR010,KPLC,2025-08-18,Normal
M00742,Patrick Chebet,25502726,0726581824,BR010,Teacher - TSC,2021-10-07,Normal
M00743,Moses Chebet,32887833,0778674708,BR002,Kenya Ports Authority,2024-07-16,Normal
M00744,Elijah Njoroge,31247215,0785898994,BR003,Private Security Firm,2023-10-01,Normal
M00745,Alice Mumo,21721694,0766315301,BR011,Boda Boda Operator,2021-03-08,Normal
M00746,Faith Wamalwa,24414791,0737226295,BR005,Self Employed,2024-07-03,Normal
M00747,Felix Onyango,38236872,0710771825,BR010,Kenya Ports Authority,2022-05-04,Normal
M00748,Geoffrey Onyango,35224937,0765049584,BR015,KPLC,2025-01-13,Normal
M00749,Robert Rotich,29331921,0793183589,BR002,Ministry of Health,2026-03-30,Normal
M00750,Peter Kariuki,31711162,0714928616,BR009,County Government,2021-10-30,Normal
M00751,Margaret Barasa,22942813,0716580878,BR014,Teacher - TSC,2019-11-12,Normal
M00752,Nancy Omondi,39963846,0786810468,BR007,Kenya Revenue Authority,2021-07-02,Normal
M00753,Joyce Adhiambo,21202592,0722499198,BR009,Kenya Revenue Authority,2021-06-28,Normal
M00754,Damaris Otieno,34338608,0783882978,BR005,Teacher - TSC,2023-02-14,Normal
M00755,Felix Mutua,31046405,0780739820,BR005,Small Business Owner,2024-10-12,Normal
M00756,Faith Muthoni,37748503,0721766833,BR009,KPLC,2021-11-08,Normal
M00757,Felix Barasa,28712745,0780516816,BR012,Kenya Ports Authority,2026-04-14,Normal
M00758,Winnie Koech,36701420,0776102828,BR010,Kenya Revenue Authority,2023-06-21,Normal
M00759,Lucy Mwangi,23966373,0713219453,BR003,KPLC,2026-05-03,Normal
M00760,Beatrice Nyambura,21526464,0754800838,BR011,Matatu SACCO Crew,2020-10-28,Normal
M00761,Diana Wafula,28536835,0719104802,BR009,Boda Boda Operator,2021-11-18,Normal
M00762,John Odhiambo,31183118,0755816776,BR005,Small Business Owner,2025-03-08,Normal
M00763,Damaris Njoroge,26510082,0754360949,BR012,Private Security Firm,2025-11-18,Normal
M00764,Judith Wanjiru,36156308,0730855594,BR006,Ministry of Health,2024-11-15,Normal
M00765,Duncan Nyambura,21879795,0779937264,BR008,Boda Boda Operator,2025-07-10,Normal
M00766,Lucy Muthoni,31130652,0757458790,BR010,Teacher - TSC,2023-01-15,Normal
M00767,Brian Kariuki,37927232,0732276047,BR003,Kenya Ports Authority,2022-08-24,Normal
M00768,Lilian Ndungu,30344207,0752211394,BR010,Retired,2023-11-14,Normal
M00769,Robert Cheruiyot,32468275,0770653840,BR001,Private Security Firm,2022-07-19,Normal
M00770,David Kilonzo,21254769,0737125189,BR005,Farmer / Agribusiness,2021-12-04,Normal
M00771,Charles Wamalwa,36779038,0730679969,BR002,National Police Service,2024-06-23,Normal
M00772,Patrick Wanjiru,23296775,0779276026,BR006,Ministry of Health,2024-12-03,Normal
M00773,Isaac Langat,37526985,0725547243,BR003,Self Employed,2021-10-20,Normal
M00774,Agnes Achieng,21548193,0723838227,BR005,Safaricom,2019-12-30,Normal
M00775,Margaret Kariuki,27041252,0753067834,BR013,National Police Service,2023-01-02,Normal
M00776,Emily Achieng,23947707,0746595028,BR004,County Government,2022-09-18,Normal
M00777,Michael Rotich,37249013,0723740579,BR003,National Police Service,2022-07-27,Normal
M00778,Samuel Chebet,29504886,0787052108,BR009,National Police Service,2023-06-06,Normal
M00779,Agnes Rotich,34886344,0716808353,BR003,County Government,2020-04-19,Normal
M00780,Peter Otieno,34309815,0762602177,BR001,County Government,2024-10-12,Normal
M00781,Diana Chebet,34959782,0792720444,BR012,Matatu SACCO Crew,2026-03-09,Normal
M00782,Everlyne Ndungu,37900783,0720542212,BR005,Farmer / Agribusiness,2023-03-25,Normal
M00783,Duncan Ndungu,35712732,0723054418,BR013,KPLC,2024-09-21,Normal
M00784,Paul Wanjiru,28658813,0758781345,BR005,Small Business Owner,2024-09-20,Normal
M00785,John Otieno,35949574,0725151444,BR003,Matatu SACCO Crew,2023-03-17,Normal
M00786,Kevin Waweru,39283002,0727098533,BR008,Safaricom,2024-09-03,Normal
M00787,Julius Otieno,30137402,0781503899,BR002,KPLC,2024-01-19,Normal
M00788,Paul Rotich,25335835,0774743230,BR007,Small Business Owner,2026-02-14,Normal
M00789,Susan Nyambura,34608046,0786129797,BR002,Kenya Revenue Authority,2023-04-28,Normal
M00790,Geoffrey Otieno,39266561,0775314414,BR006,Teacher - TSC,2025-08-10,Normal
M00791,David Gitau,34938977,0733645674,BR010,Boda Boda Operator,2026-03-09,Normal
M00792,Duncan Waweru,32714143,0753943990,BR007,KPLC,2020-04-13,Normal
M00793,Samuel Wamalwa,39487336,0795380301,BR011,Kenya Revenue Authority,2020-03-10,Normal
M00794,Francis Maina,39392160,0770016768,BR001,National Police Service,2021-02-22,Normal
M00795,Rebecca Omondi,30219006,0768348074,BR004,Retired,2023-01-19,Normal
M00796,Nancy Koech,33562614,0727120235,BR015,Private Security Firm,2023-05-13,Normal
M00797,Grace Mwangi,38791497,0758216998,BR005,Teacher - TSC,2020-03-14,Normal
M00798,Isaac Muthoni,33229449,0793914843,BR014,Matatu SACCO Crew,2022-08-31,Normal
M00799,Vincent Kiptoo,25818677,0773736162,BR012,County Government,2023-10-17,Normal
M00800,Joyce Gitau,34000100,0730705405,BR004,Boda Boda Operator,2025-09-24,Normal
M00801,Julius Mwangi,24831700,0775323947,BR014,Ministry of Health,2020-11-28,Normal
M00802,Kennedy Nyambura,35301782,0791125155,BR007,Farmer / Agribusiness,2021-01-09,Normal
M00803,Caroline Gitau,35101030,0761635535,BR007,Matatu SACCO Crew,2021-07-08,Normal
M00804,Susan Onyango,27944010,0777340900,BR004,Boda Boda Operator,2021-08-02,Normal
M00805,Peter Muthoni,36215787,0759469782,BR007,Teacher - TSC,2025-08-17,Normal
M00806,Martin Koech,29375791,0772402697,BR010,Safaricom,2024-11-25,Normal
M00807,Charles Kariuki,22619994,0795052118,BR002,Safaricom,2025-05-15,Normal
M00808,Consolata Barasa,37952737,0711447323,BR013,KPLC,2026-01-01,Normal
M00809,Agnes Nyambura,31841846,0749542951,BR008,Boda Boda Operator,2025-04-01,Normal
M00810,Mercy Ndungu,38914843,0744956086,BR003,Self Employed,2019-11-24,Normal
M00811,Peter Omondi,29789613,0793794410,BR011,Self Employed,2024-10-22,Normal
M00812,James Langat,29323058,0743829709,BR005,County Government,2024-12-08,Normal
M00813,Mary Wekesa,23742976,0791043555,BR010,County Government,2022-08-26,Normal
M00814,Joyce Ndungu,25885426,0745064728,BR015,Kenya Revenue Authority,2026-02-19,Normal
M00815,Moses Langat,21110333,0756016278,BR012,Teacher - TSC,2022-02-24,Normal
M00816,Emily Nyambura,32856950,0741936764,BR003,Ministry of Health,2026-03-07,Normal
M00817,Damaris Kilonzo,21822870,0796202825,BR008,Boda Boda Operator,2021-05-18,Normal
M00818,Brian Onyango,30112202,0773923372,BR013,Retired,2020-10-20,Normal
M00819,Isaac Maina,35924583,0745248951,BR013,County Government,2025-06-22,Normal
M00820,Kennedy Achieng,32817930,0752371009,BR009,Safaricom,2024-05-17,Normal
M00821,Judith Kilonzo,34488329,0791937985,BR011,Farmer / Agribusiness,2019-12-18,Normal
M00822,Kennedy Odhiambo,28567920,0797824468,BR011,Kenya Ports Authority,2022-07-23,Normal
M00823,Susan Mumo,26540620,0779786819,BR007,Matatu SACCO Crew,2024-09-02,Normal
M00824,Everlyne Mwangi,22280089,0711605433,BR011,Small Business Owner,2021-07-08,Normal
M00825,Joyce Cheruiyot,29505870,0743808923,BR002,National Police Service,2025-05-23,Normal
M00826,Michael Omondi,27275430,0790448089,BR001,Ministry of Health,2019-10-08,Normal
M00827,Ann Maina,38994117,0734799223,BR002,Farmer / Agribusiness,2020-11-05,Normal
M00828,Geoffrey Adhiambo,22540546,0795735668,BR002,KPLC,2021-07-26,Normal
M00829,Everlyne Mumo,30851641,0744539133,BR015,County Government,2022-08-08,Normal
M00830,Rose Maina,31162040,0718060935,BR013,Boda Boda Operator,2020-05-01,Normal
M00831,Charles Adhiambo,26733338,0791913332,BR014,Small Business Owner,2022-06-21,Normal
M00832,Elijah Nyambura,27327834,0792405160,BR003,Ministry of Health,2025-01-07,Normal
M00833,James Otieno,39171142,0743634472,BR002,Kenya Revenue Authority,2024-06-14,Normal
M00834,Julius Mwangi,21269553,0799201885,BR008,Small Business Owner,2019-09-17,Normal
M00835,Susan Mwangi,37293383,0775857881,BR005,KPLC,2021-03-14,Normal
M00836,Mary Maina,36175462,0726267678,BR007,Kenya Ports Authority,2024-01-12,Normal
M00837,Rose Kamau,23042278,0759037166,BR009,Safaricom,2023-07-12,Normal
M00838,Emily Mumo,29729398,0796945247,BR014,National Police Service,2023-04-25,Normal
M00839,Everlyne Kiptoo,30028424,0762358969,BR003,Farmer / Agribusiness,2025-09-20,Normal
M00840,Julius Achieng,26357373,0728782825,BR002,Self Employed,2023-07-13,Normal
M00841,Brian Otieno,38137916,0796356711,BR004,Boda Boda Operator,2019-10-14,Normal
M00842,Mary Kamau,31384519,0717523501,BR008,Matatu SACCO Crew,2025-06-28,Normal
M00843,Kennedy Kariuki,37552982,0771521428,BR013,Ministry of Health,2019-12-25,Normal
M00844,Esther Adhiambo,22417042,0714949636,BR014,Retired,2025-07-08,Normal
M00845,Simon Adhiambo,21536849,0742572300,BR003,Retired,2024-12-25,Normal
M00846,Peter Wamalwa,30312529,0723058343,BR011,KPLC,2020-12-18,Normal
M00847,Duncan Odhiambo,23831234,0776725470,BR010,Kenya Ports Authority,2021-06-01,Normal
M00848,Daniel Nyambura,31319356,0763956682,BR013,Matatu SACCO Crew,2026-05-28,Normal
M00849,Duncan Ndungu,27154873,0716118522,BR002,Kenya Ports Authority,2025-12-17,Normal
M00850,Samuel Mumo,33930267,0732555403,BR003,Retired,2023-04-07,Normal
M00851,Simon Muthoni,21365628,0727900736,BR006,Teacher - TSC,2025-09-15,Normal
M00852,Mary Wamalwa,36339917,0720834405,BR013,Self Employed,2026-05-15,Normal
M00853,Susan Wamalwa,29520450,0765864403,BR001,Retired,2021-07-06,Normal
M00854,Julius Mutua,37551882,0770454232,BR013,Small Business Owner,2024-11-02,Normal
M00855,Nancy Njoroge,36773445,0792147935,BR004,Teacher - TSC,2021-06-16,Normal
M00856,Vincent Cheruiyot,26439191,0725771632,BR011,Safaricom,2022-11-17,Normal
M00857,Sarah Mumo,26982969,0747101348,BR002,Self Employed,2023-07-24,Normal
M00858,Rebecca Onyango,36693827,0733665782,BR004,County Government,2020-10-06,Normal
M00859,Margaret Kiptoo,34585160,0743739891,BR011,Matatu SACCO Crew,2019-12-26,Normal
M00860,Peter Adhiambo,38030831,0733607235,BR010,County Government,2024-08-01,Normal
M00861,Jane Wamalwa,27895352,0769702849,BR013,Kenya Ports Authority,2019-10-30,Normal
M00862,Geoffrey Wamalwa,30928173,0740878564,BR010,Kenya Revenue Authority,2023-02-27,Normal
M00863,Martin Nyambura,26709404,0760403103,BR002,Farmer / Agribusiness,2023-02-27,Normal
M00864,Grace Wamalwa,34625204,0729453688,BR004,National Police Service,2020-04-29,Normal
M00865,Kevin Wanjiru,35359212,0736059032,BR015,Ministry of Health,2026-05-03,Normal
M00866,Peter Chebet,39081259,0718006318,BR006,Boda Boda Operator,2022-07-11,Normal
M00867,Joseph Mumo,31528497,0739508245,BR003,Farmer / Agribusiness,2020-09-30,Normal
M00868,Judith Waweru,25702088,0787594146,BR005,Safaricom,2026-04-09,Normal
M00869,Moses Onyango,27262608,0789400640,BR014,KPLC,2022-01-28,Normal
M00870,Dennis Wekesa,28276340,0743263373,BR014,Matatu SACCO Crew,2024-09-09,Normal
M00871,Susan Wanjiru,39250203,0710681501,BR007,Small Business Owner,2025-12-31,Normal
M00872,Purity Kamau,34284042,0781285951,BR001,Small Business Owner,2019-12-14,Normal
M00873,James Rotich,20416846,0764575354,BR008,National Police Service,2020-08-07,Normal
M00874,James Mwangi,36098844,0799796439,BR003,Boda Boda Operator,2023-07-10,Normal
M00875,Mary Achieng,35561224,0728605786,BR003,Private Security Firm,2024-08-26,Normal
M00876,Joyce Kariuki,35579181,0795013818,BR012,Self Employed,2024-01-18,Normal
M00877,Agnes Koech,21097705,0749807633,BR014,Small Business Owner,2020-04-17,Normal
M00878,Irene Kiptoo,22716534,0793276088,BR013,Farmer / Agribusiness,2022-07-12,Normal
M00879,Everlyne Kilonzo,21730153,0724893677,BR006,Small Business Owner,2020-02-12,Normal
M00880,Kevin Njoroge,38749896,0718993381,BR006,Safaricom,2024-09-20,Normal
M00881,Esther Rotich,23810363,0797112459,BR012,KPLC,2021-10-18,Normal
M00882,Emily Cheruiyot,30752981,0757340158,BR012,Farmer / Agribusiness,2026-01-03,Normal
M00883,James Kilonzo,31583881,0770721529,BR005,KPLC,2025-02-23,Normal
M00884,Vincent Omondi,37879662,0749227057,BR009,KPLC,2025-05-29,Normal
M00885,Robert Achieng,22929595,0720760289,BR010,Small Business Owner,2023-08-18,Normal
M00886,Jane Odhiambo,25528636,0747036407,BR015,Teacher - TSC,2021-07-04,Normal
M00887,Daniel Koech,20761359,0749348536,BR012,Small Business Owner,2021-02-28,Normal
M00888,Dennis Achieng,20720826,0749126722,BR011,National Police Service,2025-07-28,Normal
M00889,Purity Kariuki,31270174,0765256328,BR002,Kenya Ports Authority,2019-10-01,Normal
M00890,Diana Koech,38403556,0769761289,BR006,KPLC,2023-02-28,Normal
M00891,Margaret Njoroge,28724402,0740438156,BR005,KPLC,2025-11-11,Normal
M00892,Francis Achieng,25582218,0793031143,BR006,Farmer / Agribusiness,2022-09-25,Normal
M00893,Joseph Gitau,25150095,0731643241,BR003,National Police Service,2025-07-03,Normal
M00894,Sarah Mutua,32404138,0734762712,BR002,National Police Service,2019-12-18,Normal
M00895,Ann Kilonzo,35046783,0782459667,BR009,County Government,2019-11-22,Normal
M00896,Rose Adhiambo,36757650,0729513094,BR009,KPLC,2022-11-19,Normal
M00897,Martin Rotich,37025821,0754463735,BR015,Ministry of Health,2023-02-03,Normal
M00898,Emily Muthoni,24935302,0785864089,BR012,Retired,2022-10-25,Normal
M00899,Mercy Onyango,21344892,0728713077,BR015,Ministry of Health,2024-06-16,Normal
M00900,Michael Gitau,27394215,0769857441,BR009,Matatu SACCO Crew,2020-10-23,Normal
M00901,Lucy Muthoni,37664188,0739815643,BR002,Kenya Revenue Authority,2023-02-28,Normal
M00902,Vincent Langat,34947092,0721727533,BR015,Safaricom,2022-08-14,Normal
M00903,Michael Koech,21880645,0799491869,BR007,Matatu SACCO Crew,2021-09-06,Normal
M00904,Kevin Mwangi,29551281,0756294407,BR007,Matatu SACCO Crew,2021-02-27,Normal
M00905,Martin Wamalwa,34905561,0765782199,BR005,Kenya Revenue Authority,2024-07-01,Normal
M00906,Consolata Nyambura,33898037,0728732457,BR008,Private Security Firm,2022-09-27,Normal
M00907,Francis Onyango,37626178,0755018873,BR010,Teacher - TSC,2026-03-17,Normal
M00908,Dennis Kariuki,29171394,0765635129,BR015,County Government,2026-02-15,Normal
M00909,Ann Kiptoo,26241339,0761240239,BR009,Boda Boda Operator,2024-09-06,Normal
M00910,Margaret Gitau,39636330,0750790697,BR009,KPLC,2025-01-01,Normal
M00911,John Wanjiru,28813978,0750288055,BR009,Ministry of Health,2024-09-12,Normal
M00912,Consolata Wafula,33997458,0734074943,BR014,KPLC,2024-10-19,Normal
M00913,Stephen Onyango,22238913,0790381832,BR015,Retired,2022-03-31,Normal
M00914,Lilian Mutua,35973275,0726050250,BR006,Matatu SACCO Crew,2026-01-07,Normal
M00915,Alice Muthoni,21963283,0729614192,BR009,Matatu SACCO Crew,2025-12-14,Normal
M00916,Stephen Kilonzo,34076554,0795395644,BR008,Farmer / Agribusiness,2021-01-07,Normal
M00917,Julius Adhiambo,22577875,0778969993,BR006,National Police Service,2020-01-18,Normal
M00918,Alice Rotich,30824889,0752441045,BR013,Private Security Firm,2021-07-22,Normal
M00919,Diana Kilonzo,23215635,0781728681,BR014,Kenya Ports Authority,2022-11-17,Normal
M00920,Francis Kilonzo,36270511,0765296966,BR006,Matatu SACCO Crew,2021-02-10,Normal
M00921,Moses Cheruiyot,26322218,0784981433,BR015,Kenya Ports Authority,2021-04-30,Normal
M00922,Diana Mumo,23824089,0766015266,BR012,KPLC,2025-05-25,Normal
M00923,Rebecca Mwangi,36089961,0756735943,BR015,Boda Boda Operator,2020-05-10,Normal
M00924,Consolata Waweru,37553031,0755908520,BR012,County Government,2023-07-27,Normal
M00925,Faith Cheruiyot,24318941,0729107146,BR012,Retired,2022-12-01,Normal
M00926,James Nyambura,23748774,0720433455,BR004,Self Employed,2022-12-13,Normal
M00927,David Kamau,37229502,0789614758,BR013,Self Employed,2024-12-06,Normal
M00928,Francis Omondi,20344684,0722952493,BR008,Kenya Revenue Authority,2020-11-01,Normal
M00929,Lucy Njoroge,31795512,0713927092,BR002,Teacher - TSC,2026-04-01,Normal
M00930,Joseph Langat,36798503,0792269619,BR003,National Police Service,2022-08-12,Normal
M00931,Anthony Mumo,20469235,0780979534,BR009,National Police Service,2025-11-23,Normal
M00932,Elijah Rotich,20145254,0723245372,BR012,Farmer / Agribusiness,2021-08-25,Normal
M00933,Anthony Njoroge,34752737,0724404851,BR004,County Government,2025-02-26,Normal
M00934,Moses Cheruiyot,33676047,0725145863,BR014,Kenya Revenue Authority,2023-06-25,Normal
M00935,Samuel Onyango,32121553,0748691113,BR006,Safaricom,2020-11-20,Normal
M00936,David Maina,20790736,0771330222,BR012,Kenya Ports Authority,2019-12-16,Normal
M00937,Dennis Wafula,34360010,0735338291,BR012,Private Security Firm,2022-12-31,Normal
M00938,Geoffrey Onyango,23528982,0763199848,BR002,KPLC,2024-11-01,Normal
M00939,Brian Chebet,39815812,0723652916,BR009,Retired,2020-06-15,Normal
M00940,Daniel Barasa,26719727,0789854290,BR015,Private Security Firm,2021-05-24,Normal
M00941,Mercy Onyango,29345524,0788103795,BR007,Kenya Ports Authority,2020-11-16,Normal
M00942,Michael Maina,36258224,0778640894,BR005,Boda Boda Operator,2023-12-28,Normal
M00943,Charles Onyango,27745094,0794338531,BR003,County Government,2024-08-07,Normal
M00944,Winnie Omondi,20897543,0734037816,BR001,Small Business Owner,2020-08-13,Normal
M00945,Michael Odhiambo,22567493,0798728736,BR010,Kenya Revenue Authority,2023-03-03,Normal
M00946,Geoffrey Onyango,36450072,0777752405,BR009,Boda Boda Operator,2025-01-08,Normal
M00947,Emily Kamau,34442042,0725989909,BR009,Small Business Owner,2023-05-10,Normal
M00948,Peter Kamau,25934744,0784714519,BR008,Ministry of Health,2023-01-11,Normal
M00949,Samuel Wafula,33055374,0775425092,BR014,Kenya Revenue Authority,2022-11-25,Normal
M00950,Everlyne Rotich,39200189,0773057955,BR002,KPLC,2025-11-18,Normal
M00951,Stephen Onyango,39832183,0760707149,BR009,Kenya Ports Authority,2021-04-03,Normal
M00952,John Muthoni,21513924,0727206452,BR011,Private Security Firm,2023-06-16,Normal
M00953,Robert Kariuki,31450668,0761079694,BR006,Teacher - TSC,2023-05-31,Normal
M00954,Peter Omondi,28194961,0743234179,BR007,National Police Service,2023-05-16,Normal
M00955,Isaac Otieno,30231164,0725364077,BR011,Matatu SACCO Crew,2023-01-01,Normal
M00956,Erick Omondi,34175842,0786242300,BR003,Safaricom,2019-09-21,Normal
M00957,Charles Muthoni,20746131,0752481834,BR015,Small Business Owner,2024-03-23,Normal
M00958,Irene Onyango,23357345,0737636546,BR010,Matatu SACCO Crew,2023-11-17,Normal
M00959,Francis Kilonzo,34629434,0737079584,BR008,KPLC,2025-02-20,Normal
M00960,Stephen Kamau,29976412,0786976644,BR011,Small Business Owner,2020-05-06,Normal
M00961,Jane Chebet,39400946,0722714930,BR013,Kenya Ports Authority,2022-01-13,Normal
M00962,Purity Onyango,34331295,0738150713,BR006,Matatu SACCO Crew,2022-07-26,Normal
M00963,Purity Ndungu,30063276,0768104261,BR013,Ministry of Health,2020-05-12,Normal
M00964,Stephen Waweru,37292921,0770831313,BR009,Ministry of Health,2023-01-06,Normal
M00965,Judith Chebet,37321606,0735036832,BR013,Kenya Ports Authority,2025-08-22,Normal
M00966,Julius Rotich,34553378,0785982862,BR008,Retired,2021-11-21,Normal
M00967,Erick Wanjiru,28065611,0730196097,BR011,Retired,2020-03-04,Normal
M00968,Felix Gitau,22161829,0795084307,BR011,National Police Service,2022-11-13,Normal
M00969,Judith Njoroge,28604921,0790696029,BR014,National Police Service,2024-02-16,Normal
M00970,John Cheruiyot,30420012,0772298460,BR007,KPLC,2022-03-05,Normal
M00971,Grace Kiptoo,25347183,0746602780,BR009,County Government,2024-05-23,Normal
M00972,Alice Kariuki,21417083,0775208604,BR001,Kenya Revenue Authority,2022-05-26,Normal
M00973,Francis Langat,22133447,0764627534,BR001,Farmer / Agribusiness,2020-02-14,Normal
M00974,Mercy Gitau,24716416,0741680907,BR006,Teacher - TSC,2020-07-06,Normal
M00975,Damaris Muthoni,37624805,0743797105,BR010,KPLC,2025-02-10,Normal
M00976,Emily Ndungu,30516305,0754196006,BR015,Private Security Firm,2020-07-06,Normal
M00977,Lucy Wanjiru,23584083,0733508806,BR010,National Police Service,2023-11-16,Normal
M00978,Anthony Kamau,36453703,0781601127,BR005,Matatu SACCO Crew,2024-06-06,Normal
M00979,Winnie Omondi,28266023,0747276794,BR012,Farmer / Agribusiness,2020-10-07,Normal
M00980,Kevin Gitau,30340516,0712828532,BR013,Ministry of Health,2021-02-15,Normal
M00981,Everlyne Ndungu,21834499,0742168745,BR015,Boda Boda Operator,2026-04-18,Normal
M00982,Diana Kilonzo,24095444,0781794497,BR009,Private Security Firm,2023-10-25,Normal
M00983,Brian Adhiambo,28574287,0750384524,BR004,Teacher - TSC,2024-06-18,Normal
M00984,Robert Njoroge,34725223,0794738725,BR015,Matatu SACCO Crew,2022-02-21,Normal
M00985,James Gitau,36498441,0773228801,BR015,Retired,2024-01-22,Normal
M00986,Damaris Odhiambo,25380229,0745026810,BR007,Safaricom,2023-03-26,Normal
M00987,Damaris Rotich,30964526,0770835762,BR002,Retired,2023-06-13,Normal
M00988,Judith Achieng,24566497,0710412827,BR001,Small Business Owner,2020-02-01,Normal
M00989,Faith Njoroge,28375305,0779305456,BR004,Retired,2022-12-05,Normal
M00990,Irene Barasa,35149487,0774205127,BR013,Private Security Firm,2020-12-16,Normal
M00991,Anthony Gitau,30991775,0747822197,BR012,National Police Service,2020-12-30,Normal
M00992,Robert Maina,39139131,0740130153,BR002,Self Employed,2024-02-24,Normal
M00993,Esther Adhiambo,22985558,0772065617,BR001,National Police Service,2025-10-06,Normal
M00994,Dennis Waweru,28729446,0730032157,BR005,Teacher - TSC,2021-05-24,Normal
M00995,Isaac Koech,34601504,0770895638,BR006,Private Security Firm,2021-05-29,Normal
M00996,Daniel Kiptoo,28932285,0748649601,BR011,Retired,2025-01-16,Normal
M00997,Daniel Waweru,27233214,0747979220,BR008,Retired,2023-10-14,Normal
M00998,Kennedy Wanjiru,20965465,0748949039,BR011,Boda Boda Operator,2021-08-16,Normal
M00999,Geoffrey Kariuki,35373436,0721507650,BR004,Self Employed,2024-07-23,Normal
M01000,Rose Omondi,27120843,0761471888,BR008,Retired,2020-12-29,Normal
M01001,Vincent Kamau,21748609,0754676053,BR007,Farmer / Agribusiness,2026-03-14,Normal
M01002,Everlyne Ndungu,21527125,0710719539,BR004,Boda Boda Operator,2024-10-12,Normal
M01003,Everlyne Kilonzo,24437179,0785102924,BR009,Self Employed,2023-10-10,Normal
M01004,Charles Adhiambo,31380882,0772825287,BR010,County Government,2021-07-06,Normal
M01005,Stephen Odhiambo,30511583,0715927344,BR002,County Government,2023-01-22,Normal
M01006,Margaret Wamalwa,28832076,0792266282,BR008,Private Security Firm,2022-08-26,Normal
M01007,Robert Njoroge,30587863,0775937784,BR013,Kenya Revenue Authority,2022-06-17,Normal
M01008,Sarah Kamau,26339101,0729947547,BR003,Self Employed,2025-09-25,Normal
M01009,Joseph Chebet,35674377,0768576625,BR004,Teacher - TSC,2021-07-22,Normal
M01010,Isaac Rotich,36280594,0771439467,BR015,KPLC,2025-01-19,Normal
M01011,Daniel Langat,29533366,0734247098,BR002,Private Security Firm,2021-02-28,Normal
M01012,Everlyne Muthoni,27126832,0788322404,BR003,Self Employed,2025-03-16,Normal
M01013,James Cheruiyot,36713824,0722657432,BR009,Farmer / Agribusiness,2025-11-25,Normal
M01014,Everlyne Odhiambo,33226143,0760138147,BR006,Kenya Ports Authority,2019-10-17,Normal
M01015,James Achieng,36101265,0770942299,BR015,Ministry of Health,2020-09-09,Normal
M01016,Peter Kariuki,35203580,0753609415,BR005,Retired,2026-03-01,Normal
M01017,Peter Ndungu,29494361,0753375256,BR012,Kenya Revenue Authority,2025-11-19,Normal
M01018,Rose Otieno,33383470,0744247519,BR001,County Government,2020-04-17,Normal
M01019,Daniel Njoroge,33035994,0764008708,BR004,Boda Boda Operator,2023-12-22,Normal
M01020,Kennedy Nyambura,30405273,0791002225,BR011,County Government,2021-03-25,Normal
M01021,Winnie Achieng,33022123,0773946652,BR006,Boda Boda Operator,2020-07-30,Normal
M01022,Dennis Ndungu,32355950,0792391939,BR010,County Government,2026-03-26,Normal
M01023,Patrick Achieng,27523917,0796920825,BR007,Ministry of Health,2024-04-11,Normal
M01024,Judith Koech,22817569,0749017499,BR012,KPLC,2021-03-29,Normal
M01025,Samuel Omondi,30080041,0743373708,BR007,Safaricom,2020-05-22,Normal
M01026,James Adhiambo,21513133,0778909330,BR007,Teacher - TSC,2022-10-25,Normal
M01027,Geoffrey Wekesa,39074963,0744008132,BR009,Matatu SACCO Crew,2024-04-07,Normal
M01028,Mary Odhiambo,35531640,0734099087,BR005,Kenya Revenue Authority,2026-01-25,Normal
M01029,Robert Chebet,29987393,0752137166,BR003,Kenya Ports Authority,2023-11-28,Normal
M01030,Catherine Barasa,26281112,0738329117,BR012,County Government,2024-08-08,Normal
M01031,Faith Nyambura,37930683,0712404540,BR002,Self Employed,2026-04-11,Normal
M01032,Charles Achieng,33592618,0798277293,BR007,Retired,2020-10-22,Normal
M01033,Nancy Kilonzo,33253907,0750621889,BR010,Teacher - TSC,2024-12-16,Normal
M01034,Duncan Mwangi,26315652,0713599088,BR003,National Police Service,2021-01-06,Normal
M01035,Duncan Kariuki,38071831,0735624104,BR008,Teacher - TSC,2021-02-16,Normal
M01036,John Odhiambo,25573575,0730457766,BR005,Retired,2024-09-12,Normal
M01037,Felix Achieng,39636935,0742565200,BR012,National Police Service,2024-06-29,Normal
M01038,John Odhiambo,34488399,0765792417,BR005,Private Security Firm,2025-11-20,Normal
M01039,Margaret Kamau,36357668,0763644191,BR008,KPLC,2025-12-28,Normal
M01040,Consolata Gitau,36371257,0741125867,BR009,Retired,2026-02-16,Normal
M01041,Patrick Rotich,22131061,0745950066,BR001,Farmer / Agribusiness,2025-06-04,Normal
M01042,Michael Kariuki,31635472,0770173215,BR011,Retired,2024-03-06,Normal
M01043,Daniel Onyango,31537603,0768802221,BR007,National Police Service,2019-09-26,Normal
M01044,Agnes Adhiambo,35719153,0727603804,BR009,Farmer / Agribusiness,2021-12-18,Normal
M01045,Everlyne Kariuki,32088170,0773394367,BR005,Kenya Revenue Authority,2023-11-17,Normal
M01046,Isaac Wekesa,22892120,0799530801,BR014,KPLC,2021-04-26,Normal
M01047,Charles Odhiambo,33958118,0776266658,BR003,Boda Boda Operator,2021-06-11,Normal
M01048,John Kilonzo,28751264,0757921617,BR004,Ministry of Health,2021-11-06,Normal
M01049,James Barasa,34449225,0725296699,BR003,Kenya Ports Authority,2021-06-17,Normal
M01050,Stephen Barasa,31919909,0716264794,BR004,Kenya Revenue Authority,2020-11-08,Normal
M01051,Lilian Chebet,37293532,0791106361,BR015,Ministry of Health,2025-09-30,Normal
M01052,Damaris Mumo,23722221,0724212564,BR002,Kenya Revenue Authority,2020-01-25,Normal
M01053,Grace Koech,23537009,0732420574,BR010,Ministry of Health,2026-05-04,Normal
M01054,Francis Chebet,34814882,0777900294,BR002,KPLC,2021-10-21,Normal
M01055,Agnes Gitau,24622876,0726506561,BR012,Private Security Firm,2020-08-12,Normal
M01056,Mary Cheruiyot,35893504,0755811204,BR004,Boda Boda Operator,2024-06-04,Normal
M01057,Isaac Mumo,33925378,0758404738,BR009,Ministry of Health,2021-06-03,Normal
M01058,Purity Nyambura,27656517,0728521285,BR011,Kenya Revenue Authority,2022-04-03,Normal
M01059,Lilian Koech,32139133,0713994712,BR007,KPLC,2024-02-20,Normal
M01060,Jane Barasa,30563088,0763908666,BR003,Kenya Revenue Authority,2019-08-12,Normal
M01061,Peter Omondi,25065111,0787115770,BR003,Self Employed,2024-05-14,Normal
M01062,Robert Omondi,38576083,0745672884,BR011,Retired,2025-05-01,Normal
M01063,Stephen Wamalwa,37709751,0791926643,BR012,Farmer / Agribusiness,2023-01-07,Normal
M01064,Consolata Rotich,34835884,0756338752,BR003,Farmer / Agribusiness,2024-01-12,Normal
M01065,Jane Kamau,38033275,0754894880,BR013,Small Business Owner,2024-01-14,Normal
M01066,Margaret Kiptoo,23114507,0778675400,BR012,Safaricom,2020-11-30,Normal
M01067,Alice Mwangi,20935874,0782468532,BR005,Kenya Ports Authority,2025-05-07,Normal
M01068,Purity Odhiambo,22011445,0760060376,BR005,Boda Boda Operator,2022-03-17,Normal
M01069,Elijah Kariuki,24185908,0770228445,BR011,Boda Boda Operator,2025-03-11,Normal
M01070,Paul Ndungu,39515050,0785913174,BR010,Retired,2019-07-24,Normal
M01071,Francis Wafula,39218828,0728786655,BR015,Retired,2025-06-25,Normal
M01072,Moses Muthoni,26461082,0758488507,BR007,KPLC,2025-04-30,Normal
M01073,Jane Otieno,22086873,0767027331,BR002,Farmer / Agribusiness,2021-02-22,Normal
M01074,Kevin Omondi,37658207,0764056687,BR003,Kenya Ports Authority,2024-11-03,Normal
M01075,Susan Onyango,34207691,0769066531,BR009,Retired,2025-04-27,Normal
M01076,Ann Koech,24265572,0775063976,BR015,Retired,2024-12-28,Normal
M01077,Faith Chebet,27135099,0771127098,BR008,KPLC,2020-12-13,Normal
M01078,David Waweru,33711007,0724809069,BR001,Teacher - TSC,2021-04-05,Normal
M01079,Samuel Odhiambo,32464376,0750926285,BR006,Matatu SACCO Crew,2025-11-29,Normal
M01080,Samuel Wanjiru,39784506,0766607262,BR005,Self Employed,2022-10-19,Normal
M01081,Duncan Wekesa,36401193,0710279945,BR015,Teacher - TSC,2022-12-03,Normal
M01082,Beatrice Onyango,39228672,0751567482,BR009,Kenya Ports Authority,2023-05-31,Normal
M01083,Martin Gitau,24456350,0728592146,BR008,Safaricom,2023-04-16,Normal
M01084,Ann Langat,30912447,0721987653,BR011,Kenya Revenue Authority,2024-09-01,Normal
M01085,Brian Barasa,38152761,0716149817,BR010,Ministry of Health,2024-02-04,Normal
M01086,Lilian Njoroge,20832287,0786771841,BR015,Ministry of Health,2024-06-20,Normal
M01087,Judith Rotich,22857228,0735827078,BR013,Kenya Ports Authority,2022-12-19,Normal
M01088,Purity Kiptoo,35966396,0777463037,BR009,Farmer / Agribusiness,2025-12-20,Normal
M01089,Alice Mwangi,29226211,0737622679,BR001,National Police Service,2020-11-06,Normal
M01090,Vincent Waweru,30751885,0763928396,BR014,Kenya Ports Authority,2025-12-31,Normal
M01091,Joseph Nyambura,20807216,0780853774,BR001,Matatu SACCO Crew,2025-01-05,Normal
M01092,David Rotich,25642378,0748299260,BR007,County Government,2022-05-21,Normal
M01093,Dennis Omondi,25677109,0717907267,BR003,Kenya Ports Authority,2022-05-14,Normal
M01094,Margaret Maina,23313306,0752955238,BR006,County Government,2021-07-15,Normal
M01095,Duncan Wamalwa,24058954,0716962963,BR007,National Police Service,2023-02-19,Normal
M01096,Moses Mumo,36925568,0761680358,BR004,Teacher - TSC,2026-03-13,Normal
M01097,Dennis Otieno,36246100,0713879756,BR005,Small Business Owner,2020-03-07,Normal
M01098,Anthony Omondi,23406090,0743059986,BR011,Kenya Revenue Authority,2022-02-14,Normal
M01099,Sarah Otieno,36791724,0737307523,BR009,Kenya Revenue Authority,2020-11-28,Normal
M01100,Irene Cheruiyot,38036702,0766875091,BR003,Farmer / Agribusiness,2023-09-09,Normal
M01101,Erick Gitau,29705601,0797652074,BR009,County Government,2024-07-26,Normal
M01102,Stephen Gitau,32755835,0757166514,BR001,Private Security Firm,2020-03-05,Normal
M01103,Margaret Kamau,25416232,0781684250,BR011,Kenya Ports Authority,2021-11-20,Normal
M01104,David Gitau,24685885,0784689357,BR002,Boda Boda Operator,2022-11-15,Normal
M01105,Irene Barasa,31496931,0795251058,BR015,Boda Boda Operator,2024-05-06,Normal
M01106,Patrick Barasa,27067365,0771713222,BR013,Kenya Ports Authority,2024-07-30,Normal
M01107,Mary Waweru,35989658,0710574350,BR006,Farmer / Agribusiness,2019-09-06,Normal
M01108,Diana Chebet,36407335,0762719526,BR001,Safaricom,2021-06-12,Normal
M01109,Duncan Gitau,34937653,0726564560,BR002,Matatu SACCO Crew,2020-05-15,Normal
M01110,Joseph Gitau,20282910,0726745522,BR014,KPLC,2023-09-21,Normal
M01111,Martin Mwangi,29433307,0758025924,BR006,National Police Service,2021-08-31,Normal
M01112,Isaac Cheruiyot,27860392,0776277877,BR002,Matatu SACCO Crew,2026-05-19,Normal
M01113,Diana Waweru,27015772,0710957697,BR001,National Police Service,2022-08-25,Normal
M01114,Susan Koech,36576269,0732881048,BR014,Safaricom,2023-12-11,Normal
M01115,Jane Muthoni,24303234,0718730772,BR004,County Government,2025-11-05,Normal
M01116,Mercy Ndungu,29204919,0735749878,BR005,Private Security Firm,2025-11-22,Normal
M01117,Everlyne Rotich,35231233,0710262390,BR011,Small Business Owner,2019-10-05,Normal
M01118,Dennis Mutua,24084168,0779564413,BR011,KPLC,2020-01-31,Normal
M01119,Consolata Wekesa,27534587,0716303488,BR008,Boda Boda Operator,2023-07-22,Normal
M01120,John Maina,26529965,0754923454,BR015,Teacher - TSC,2024-03-18,Normal
M01121,Esther Chebet,34221047,0719991216,BR015,Farmer / Agribusiness,2025-11-30,Normal
M01122,James Kariuki,23245589,0713741017,BR004,KPLC,2021-09-16,Normal
M01123,Rebecca Barasa,28402347,0743172390,BR007,Teacher - TSC,2019-10-09,Normal
M01124,Damaris Barasa,37437400,0741775196,BR008,Teacher - TSC,2022-03-05,Normal
M01125,David Kariuki,34980583,0787703269,BR013,Teacher - TSC,2026-03-25,Normal
M01126,Robert Langat,22181984,0727117564,BR002,Self Employed,2020-03-07,Normal
M01127,Julius Nyambura,22207554,0723667066,BR015,Ministry of Health,2024-06-16,Normal
M01128,Brian Maina,23215529,0792852868,BR001,Kenya Revenue Authority,2025-10-09,Normal
M01129,Nancy Mwangi,35213956,0761528873,BR007,KPLC,2022-02-11,Normal
M01130,Agnes Kariuki,20871478,0770945151,BR013,Safaricom,2024-04-20,Normal
M01131,John Waweru,22266416,0789575878,BR006,Kenya Revenue Authority,2026-02-03,Normal
M01132,Moses Mutua,31924950,0766506603,BR014,KPLC,2021-09-03,Normal
M01133,Kennedy Kamau,22029747,0727137020,BR012,Boda Boda Operator,2024-06-27,Normal
M01134,Emily Kilonzo,30441744,0788338313,BR010,Farmer / Agribusiness,2024-05-22,Normal
M01135,Michael Barasa,29766485,0759503523,BR009,Self Employed,2021-02-18,Normal
M01136,Grace Cheruiyot,37015716,0785088096,BR009,Private Security Firm,2026-01-29,Normal
M01137,Daniel Kariuki,26753206,0719180999,BR001,Matatu SACCO Crew,2024-03-26,Normal
M01138,Agnes Langat,39408244,0785980240,BR004,Matatu SACCO Crew,2024-11-01,Normal
M01139,David Achieng,21415733,0776562688,BR010,National Police Service,2022-11-11,Normal
M01140,Paul Achieng,27151741,0742080592,BR015,KPLC,2019-07-18,Normal
M01141,Joseph Gitau,20225666,0758696493,BR012,Self Employed,2023-03-21,Normal
M01142,Ann Wafula,34777644,0736092388,BR002,Ministry of Health,2023-07-07,Normal
M01143,Lucy Kiptoo,29532843,0733373562,BR010,National Police Service,2023-07-16,Normal
M01144,Vincent Cheruiyot,25990856,0736305005,BR015,Self Employed,2022-06-10,Normal
M01145,Geoffrey Wanjiru,32714537,0797895055,BR003,Kenya Revenue Authority,2022-06-09,Normal
M01146,Margaret Achieng,28058094,0759612328,BR015,Kenya Revenue Authority,2020-09-29,Normal
M01147,Nancy Wamalwa,34553163,0718774822,BR006,Teacher - TSC,2021-06-03,Normal
M01148,Brian Chebet,32557924,0752674742,BR003,Kenya Ports Authority,2020-12-19,Normal
M01149,Susan Kiptoo,37967336,0749484539,BR007,Kenya Revenue Authority,2022-03-30,Normal
M01150,Kennedy Mutua,24243244,0778218774,BR003,Kenya Ports Authority,2023-03-06,Normal
M01151,Irene Onyango,22176778,0732472549,BR015,Safaricom,2024-12-25,Normal
M01152,Erick Njoroge,30798592,0760181152,BR007,Safaricom,2025-03-18,Normal
M01153,Anthony Maina,39595205,0797206259,BR012,Self Employed,2024-12-02,Normal
M01154,Paul Maina,27334788,0751070495,BR004,Small Business Owner,2021-12-18,Normal
M01155,Duncan Kilonzo,28540584,0783893835,BR015,Teacher - TSC,2023-09-24,Normal
M01156,Kevin Cheruiyot,39594520,0715522109,BR003,KPLC,2020-06-11,Normal
M01157,Dennis Nyambura,32331654,0776779099,BR009,Matatu SACCO Crew,2023-04-10,Normal
M01158,Paul Mutua,22546393,0758196637,BR005,Farmer / Agribusiness,2023-10-16,Normal
M01159,Judith Otieno,29275282,0740566959,BR002,Teacher - TSC,2022-10-21,Normal
M01160,Daniel Barasa,26598355,0754190018,BR002,Boda Boda Operator,2020-04-20,Normal
M01161,Ann Langat,38224272,0745049006,BR005,Self Employed,2022-07-31,Normal
M01162,Irene Maina,33614995,0787840078,BR013,Kenya Revenue Authority,2022-11-10,Normal
M01163,Emily Wanjiru,33338064,0740545068,BR011,National Police Service,2019-08-20,Normal
M01164,Anthony Ndungu,38542690,0772912993,BR012,Retired,2021-11-08,Normal
M01165,Agnes Langat,26303084,0767551618,BR014,Kenya Revenue Authority,2024-09-03,Normal
M01166,Felix Rotich,21010125,0760291405,BR012,County Government,2024-03-08,Normal
M01167,Mary Onyango,31900496,0755610169,BR010,National Police Service,2020-12-09,Normal
M01168,Diana Rotich,30054156,0753765651,BR007,Kenya Ports Authority,2024-04-10,Normal
M01169,Ann Barasa,39065322,0794535600,BR001,Kenya Revenue Authority,2025-11-12,Normal
M01170,Rose Kiptoo,33107574,0718550910,BR010,Safaricom,2026-04-26,Normal
M01171,Anthony Achieng,30222205,0722514663,BR007,County Government,2021-08-12,Normal
M01172,Isaac Waweru,36395142,0713602203,BR002,County Government,2025-09-13,Normal
M01173,Paul Wafula,37595799,0719392480,BR004,KPLC,2020-04-12,Normal
M01174,Patrick Langat,33786215,0762493261,BR001,County Government,2023-08-20,Normal
M01175,Martin Otieno,33052435,0737713235,BR002,County Government,2020-12-12,Normal
M01176,Isaac Omondi,35930974,0731311258,BR014,Kenya Ports Authority,2021-10-22,Normal
M01177,Isaac Omondi,35400022,0746969062,BR010,National Police Service,2022-12-25,Normal
M01178,Brian Waweru,28282580,0780579265,BR001,Matatu SACCO Crew,2021-02-06,Normal
M01179,Anthony Kamau,23056898,0748642865,BR015,Ministry of Health,2025-11-19,Normal
M01180,Diana Ndungu,29980723,0762491260,BR015,Kenya Ports Authority,2024-08-14,Normal
M01181,Robert Waweru,34498085,0771448654,BR014,Small Business Owner,2021-06-19,Normal
M01182,Isaac Kamau,28042838,0731197304,BR015,Boda Boda Operator,2021-07-23,Normal
M01183,Jane Chebet,27289863,0776234781,BR015,Small Business Owner,2025-07-13,Normal
M01184,Jane Mumo,23530750,0777698729,BR013,Kenya Revenue Authority,2025-09-13,Normal
M01185,Stephen Kiptoo,36980709,0715990830,BR013,KPLC,2023-02-27,Normal
M01186,Mercy Achieng,32789458,0756124957,BR001,Retired,2020-04-27,Normal
M01187,Stephen Odhiambo,24579528,0753904009,BR007,Ministry of Health,2021-09-06,Normal
M01188,James Rotich,28130024,0768750274,BR012,County Government,2024-09-15,Normal
M01189,John Waweru,23372727,0733788294,BR008,Boda Boda Operator,2022-08-19,Normal
M01190,Geoffrey Mumo,20376165,0746675298,BR002,County Government,2025-06-30,Normal
M01191,Peter Wamalwa,37860984,0739013376,BR008,KPLC,2023-07-08,Normal
M01192,Judith Omondi,23449170,0762427912,BR012,Retired,2020-01-14,Normal
M01193,Grace Mumo,32663292,0737076822,BR005,Farmer / Agribusiness,2024-06-24,Normal
M01194,John Nyambura,20937650,0711954205,BR004,Matatu SACCO Crew,2023-09-14,Normal
M01195,Robert Odhiambo,25633214,0732420703,BR014,Self Employed,2021-08-28,Normal
M01196,Agnes Rotich,26360159,0793842238,BR007,National Police Service,2025-04-01,Normal
M01197,Faith Cheruiyot,27173266,0724211686,BR015,Matatu SACCO Crew,2025-07-29,Normal
M01198,Patrick Mwangi,33058937,0738557229,BR006,KPLC,2021-06-13,Normal
M01199,Judith Waweru,32380913,0715897385,BR004,Teacher - TSC,2020-03-29,Normal
M01200,Michael Onyango,23416297,0781965066,BR015,Kenya Revenue Authority,2021-12-14,Normal
M01201,David Waweru,30883523,0794674464,BR015,Retired,2025-11-19,Normal
M01202,Elijah Wamalwa,30669201,0799438746,BR007,KPLC,2020-12-28,Normal
M01203,Susan Achieng,32830255,0778588767,BR002,Ministry of Health,2023-04-05,Normal
M01204,Mary Cheruiyot,20711802,0792724918,BR012,Kenya Revenue Authority,2022-02-09,Normal
M01205,Dennis Mumo,28172038,0793183615,BR015,Teacher - TSC,2020-11-22,Normal
M01206,Daniel Wanjiru,32608008,0737432134,BR001,Ministry of Health,2021-01-16,Normal
M01207,Sarah Wekesa,31029001,0728021013,BR001,Boda Boda Operator,2022-03-04,Normal
M01208,Beatrice Kariuki,29678947,0713180065,BR006,National Police Service,2019-12-12,Normal
M01209,Vincent Kamau,28332842,0739855935,BR014,Kenya Ports Authority,2023-03-20,Normal
M01210,Erick Kariuki,20202758,0718672730,BR014,Private Security Firm,2023-10-12,Normal
M01211,Samuel Kiptoo,24213128,0722315737,BR008,County Government,2020-04-14,Normal
M01212,James Nyambura,35672411,0751803852,BR010,County Government,2025-08-28,Normal
M01213,Michael Cheruiyot,30170372,0748299416,BR012,Kenya Ports Authority,2021-09-19,Normal
M01214,Winnie Otieno,32065567,0763451468,BR008,Small Business Owner,2021-10-04,Normal
M01215,Michael Wekesa,34543513,0730921653,BR003,Private Security Firm,2024-10-12,Normal
M01216,Beatrice Langat,22792831,0750296396,BR013,Kenya Ports Authority,2024-11-27,Normal
M01217,Catherine Maina,35557553,0751050127,BR009,KPLC,2021-03-19,Normal
M01218,Jane Barasa,24585426,0772982807,BR005,National Police Service,2023-09-16,Normal
M01219,Moses Wekesa,32558008,0775961801,BR003,Small Business Owner,2021-08-17,Normal
M01220,Joyce Maina,36426609,0751313669,BR015,Ministry of Health,2024-03-01,Normal
M01221,Rebecca Odhiambo,32912618,0785914700,BR010,County Government,2020-04-19,Normal
M01222,Emily Wekesa,31696359,0778398476,BR004,Retired,2024-05-24,Normal
M01223,Rebecca Nyambura,28280959,0742528051,BR008,KPLC,2023-08-19,Normal
M01224,Mary Chebet,24962173,0745075212,BR001,Kenya Ports Authority,2023-07-22,Normal
M01225,Anthony Omondi,25416605,0711655896,BR008,Teacher - TSC,2021-02-25,Normal
M01226,Rose Maina,39668280,0720784168,BR013,Safaricom,2020-07-15,Normal
M01227,Dennis Mutua,30140805,0777195678,BR015,Safaricom,2021-08-14,Normal
M01228,Dennis Mumo,22982097,0724666517,BR011,Ministry of Health,2023-10-17,Normal
M01229,Daniel Adhiambo,33353664,0751352528,BR010,Self Employed,2023-05-13,Normal
M01230,Elijah Chebet,34020370,0780459205,BR003,Small Business Owner,2025-01-06,Normal
M01231,Kevin Njoroge,24507436,0736577865,BR011,KPLC,2022-09-26,Normal
M01232,Duncan Kiptoo,26228979,0736969824,BR003,Self Employed,2025-02-19,Normal
M01233,Robert Langat,33716796,0769153839,BR012,Ministry of Health,2021-07-20,Normal
M01234,Francis Otieno,32674466,0726734478,BR015,Boda Boda Operator,2020-09-22,Normal
M01235,Winnie Onyango,23382593,0711275951,BR002,Self Employed,2023-05-04,Normal
M01236,Grace Odhiambo,27082278,0780106555,BR005,Kenya Revenue Authority,2019-08-01,Normal
M01237,Emily Mutua,36304976,0773516094,BR001,Kenya Revenue Authority,2023-09-18,Normal
M01238,Geoffrey Wamalwa,31511768,0752308622,BR006,Private Security Firm,2026-04-12,Normal
M01239,Peter Kilonzo,31081527,0723445578,BR004,Self Employed,2023-07-21,Normal
M01240,David Langat,37804966,0747509496,BR008,Retired,2024-01-03,Normal
M01241,Geoffrey Omondi,35945046,0779110587,BR013,Small Business Owner,2022-04-16,Normal
M01242,Damaris Barasa,20558020,0795064149,BR011,Matatu SACCO Crew,2021-08-10,Normal
M01243,Esther Waweru,36258335,0763709262,BR014,Retired,2020-01-06,Normal
M01244,Simon Adhiambo,35976000,0798360765,BR010,Private Security Firm,2020-05-31,Normal
M01245,Daniel Chebet,24803700,0779800523,BR012,Farmer / Agribusiness,2020-08-17,Normal
M01246,Kennedy Otieno,30111571,0783651529,BR010,Private Security Firm,2025-02-27,Normal
M01247,Winnie Omondi,38141804,0742333267,BR008,National Police Service,2021-05-21,Normal
M01248,Isaac Mwangi,25376603,0753822194,BR004,Farmer / Agribusiness,2021-05-31,Normal
M01249,Everlyne Onyango,24130487,0799318726,BR007,County Government,2022-08-24,Normal
M01250,Jane Ndungu,31166952,0740038761,BR015,Farmer / Agribusiness,2025-06-30,Normal
M01251,Rose Adhiambo,32806065,0797767609,BR010,Ministry of Health,2026-03-28,Normal
M01252,Esther Mutua,23881911,0749054205,BR013,Teacher - TSC,2025-10-20,Normal
M01253,Rebecca Kiptoo,23895878,0786885150,BR002,Matatu SACCO Crew,2020-07-02,Normal
M01254,Mary Wafula,22076513,0789196483,BR003,Safaricom,2023-01-06,Normal
M01255,Kevin Ndungu,24238171,0779759849,BR004,Ministry of Health,2023-11-08,Normal
M01256,John Rotich,35455264,0752402900,BR010,County Government,2026-02-15,Normal
M01257,Erick Wanjiru,29509085,0729578433,BR014,Retired,2022-10-30,Normal
M01258,Moses Chebet,24142764,0746702178,BR011,Private Security Firm,2019-11-20,Normal
M01259,Lucy Onyango,29780952,0760560976,BR012,Self Employed,2025-12-08,Normal
M01260,Lucy Langat,27552154,0717055329,BR013,Farmer / Agribusiness,2023-03-28,Normal
M01261,Margaret Gitau,25341638,0712894515,BR014,Safaricom,2021-07-05,Normal
M01262,Joyce Mumo,33131953,0762487600,BR007,Teacher - TSC,2023-04-15,Normal
M01263,Lucy Chebet,38388165,0762851244,BR009,Teacher - TSC,2022-09-04,Normal
M01264,Grace Langat,30203030,0771408972,BR003,Ministry of Health,2023-02-16,Normal
M01265,Charles Wafula,24859449,0738154362,BR003,National Police Service,2025-12-22,Normal
M01266,Martin Langat,39316685,0723683207,BR013,Ministry of Health,2021-09-11,Normal
M01267,Beatrice Omondi,25644624,0717560687,BR013,Teacher - TSC,2021-02-26,Normal
M01268,Faith Koech,31357699,0789643778,BR006,Small Business Owner,2024-10-24,Normal
M01269,Paul Maina,36395564,0750626311,BR003,Retired,2024-01-12,Normal
M01270,Emily Chebet,23006851,0772233240,BR010,Private Security Firm,2021-06-08,Normal
M01271,Sarah Kilonzo,20389312,0726106179,BR014,Teacher - TSC,2023-10-15,Normal
M01272,Rebecca Koech,27547567,0713090599,BR002,Kenya Ports Authority,2020-11-13,Normal
M01273,Martin Odhiambo,39893718,0734306373,BR010,Small Business Owner,2025-12-03,Normal
M01274,Faith Barasa,22130649,0782143514,BR008,County Government,2024-05-13,Normal
M01275,Caroline Ndungu,37786790,0775573851,BR007,Teacher - TSC,2019-09-21,Normal
M01276,Irene Kariuki,24163746,0737845315,BR009,Ministry of Health,2026-01-22,Normal
M01277,Diana Njoroge,20178643,0784453495,BR015,KPLC,2020-10-25,Normal
M01278,Anthony Kiptoo,25409318,0721787125,BR013,Safaricom,2023-01-10,Normal
M01279,Purity Wafula,32199037,0783071775,BR005,County Government,2019-11-23,Normal
M01280,Moses Wamalwa,29844763,0798470632,BR007,Safaricom,2019-07-03,Normal
M01281,Patrick Koech,31815090,0791359046,BR008,Safaricom,2021-01-25,Normal
M01282,Grace Cheruiyot,21232586,0735242818,BR009,County Government,2021-11-08,Normal
M01283,Lucy Muthoni,32048227,0747231423,BR005,County Government,2021-11-30,Normal
M01284,Catherine Maina,25480088,0763695060,BR012,KPLC,2024-03-26,Normal
M01285,Ann Rotich,26837148,0719470140,BR002,Ministry of Health,2022-05-09,Normal
M01286,Lucy Chebet,32487022,0785650769,BR012,Ministry of Health,2022-07-10,Normal
M01287,Duncan Wanjiru,30615291,0768200448,BR011,Small Business Owner,2025-03-27,Normal
M01288,David Rotich,23690656,0783600812,BR001,Small Business Owner,2026-04-09,Normal
M01289,Simon Barasa,29168849,0729640030,BR002,Private Security Firm,2023-03-13,Normal
M01290,Brian Cheruiyot,32704793,0724093227,BR013,Kenya Revenue Authority,2022-01-12,Normal
M01291,Consolata Wafula,39757757,0775715496,BR015,Teacher - TSC,2020-11-19,Normal
M01292,Caroline Mutua,23324108,0716437523,BR009,County Government,2023-06-01,Normal
M01293,Martin Omondi,37840292,0784044121,BR006,Kenya Ports Authority,2023-11-14,Normal
M01294,Catherine Mwangi,37232395,0730869686,BR015,Ministry of Health,2024-01-07,Normal
M01295,Catherine Kamau,32420196,0743435196,BR003,Ministry of Health,2021-02-06,Normal
M01296,Kevin Ndungu,35725815,0777408068,BR010,Boda Boda Operator,2024-03-11,Normal
M01297,Consolata Adhiambo,27676049,0750961563,BR005,Ministry of Health,2024-04-19,Normal
M01298,Patrick Langat,23024616,0795184862,BR014,Teacher - TSC,2020-06-23,Normal
M01299,Peter Otieno,29591563,0784378065,BR002,Farmer / Agribusiness,2022-03-12,Normal
M01300,Rebecca Wekesa,24577776,0774378331,BR008,KPLC,2019-08-15,Normal
M01301,Michael Kiptoo,20244620,0767039703,BR009,Retired,2025-06-21,Normal
M01302,Everlyne Adhiambo,37720478,0791764582,BR009,Self Employed,2023-05-16,Normal
M01303,Consolata Mumo,37566295,0740208193,BR010,County Government,2024-07-13,Normal
M01304,Grace Nyambura,36626484,0760881238,BR002,County Government,2023-08-14,Normal
M01305,Esther Gitau,38089852,0725819626,BR006,Boda Boda Operator,2020-10-08,Normal
M01306,John Wekesa,39087168,0762830980,BR005,National Police Service,2024-12-01,Normal
M01307,Consolata Kamau,35537613,0792912825,BR015,Private Security Firm,2022-12-02,Normal
M01308,Erick Barasa,30010986,0757498680,BR008,Teacher - TSC,2020-02-23,Normal
M01309,John Odhiambo,34455377,0776041312,BR001,National Police Service,2023-06-04,Normal
M01310,Beatrice Odhiambo,36354838,0710927505,BR002,County Government,2025-06-08,Normal
M01311,Kevin Wafula,32230446,0767491018,BR013,Farmer / Agribusiness,2022-04-22,Normal
M01312,Erick Omondi,34742364,0731721032,BR003,County Government,2025-07-08,Normal
M01313,Felix Chebet,26659367,0724853291,BR006,National Police Service,2024-05-14,Normal
M01314,Martin Barasa,21060539,0731516779,BR005,Ministry of Health,2019-12-14,Normal
M01315,Charles Rotich,36628489,0727103900,BR004,Matatu SACCO Crew,2024-11-16,Normal
M01316,Mercy Gitau,33047590,0727638581,BR013,Teacher - TSC,2023-12-26,Normal
M01317,Moses Mwangi,27935788,0716984668,BR002,Ministry of Health,2019-09-27,Normal
M01318,Mercy Mwangi,34573646,0774450415,BR014,Boda Boda Operator,2023-05-04,Normal
M01319,Esther Waweru,25116907,0778617449,BR005,County Government,2024-12-13,Normal
M01320,Diana Cheruiyot,34400184,0736630469,BR004,KPLC,2022-08-27,Normal
M01321,Lucy Langat,39837252,0794410590,BR012,Ministry of Health,2020-08-28,Normal
M01322,Peter Mutua,26448403,0729623857,BR003,Small Business Owner,2022-01-27,Normal
M01323,Peter Maina,33666625,0780460439,BR001,Boda Boda Operator,2026-06-01,Normal
M01324,Charles Kamau,37108186,0767320744,BR012,Ministry of Health,2022-02-04,Normal
M01325,Stephen Kilonzo,34028242,0743147569,BR001,Matatu SACCO Crew,2022-11-30,Normal
M01326,Peter Omondi,30792434,0738451145,BR015,Boda Boda Operator,2020-01-13,Normal
M01327,Joseph Mutua,36484834,0758799048,BR008,Matatu SACCO Crew,2022-08-23,Normal
M01328,Everlyne Rotich,24372413,0754454486,BR005,Matatu SACCO Crew,2020-10-01,Normal
M01329,Joyce Cheruiyot,29259243,0738190192,BR012,Kenya Ports Authority,2023-07-22,Normal
M01330,Martin Waweru,24038421,0715508152,BR007,Kenya Ports Authority,2020-06-24,Normal
M01331,Rebecca Odhiambo,22512542,0783360594,BR015,Kenya Ports Authority,2021-08-21,Normal
M01332,Lucy Rotich,25156388,0715880227,BR006,County Government,2022-11-18,Normal
M01333,Consolata Wamalwa,38802093,0756619122,BR004,Farmer / Agribusiness,2024-03-10,Normal
M01334,Rebecca Nyambura,22271920,0774803086,BR006,Small Business Owner,2024-07-12,Normal
M01335,Stephen Chebet,24326315,0748877018,BR009,Self Employed,2025-02-24,Normal
M01336,Rose Onyango,37866723,0778919151,BR010,Teacher - TSC,2020-03-08,Normal
M01337,Elijah Maina,33450259,0791499471,BR003,Boda Boda Operator,2024-05-30,Normal
M01338,Daniel Muthoni,20297336,0778826270,BR004,KPLC,2021-07-25,Normal
M01339,Paul Wafula,29009856,0784108442,BR009,Teacher - TSC,2025-05-22,Normal
M01340,Margaret Kamau,24970735,0747279846,BR003,Farmer / Agribusiness,2022-01-05,Normal
M01341,Esther Gitau,27045504,0781752116,BR003,Teacher - TSC,2022-07-14,Normal
M01342,Joyce Barasa,22793277,0783722452,BR001,Boda Boda Operator,2023-05-26,Normal
M01343,Margaret Barasa,21921441,0794014298,BR012,Private Security Firm,2020-12-31,Normal
M01344,Catherine Njoroge,28589505,0712098962,BR001,Safaricom,2023-06-28,Normal
M01345,Diana Maina,28635070,0794051119,BR011,Ministry of Health,2026-01-16,Normal
M01346,Esther Barasa,29019213,0737369495,BR010,Kenya Ports Authority,2025-09-05,Normal
M01347,Martin Wekesa,34559387,0759478024,BR011,County Government,2023-12-08,Normal
M01348,Erick Njoroge,25909289,0735348349,BR015,Kenya Ports Authority,2024-11-15,Normal
M01349,Francis Njoroge,25963772,0762908270,BR008,Ministry of Health,2021-07-10,Normal
M01350,Dennis Cheruiyot,35268077,0796586373,BR010,Small Business Owner,2021-08-10,Normal
M01351,Irene Mwangi,23346381,0760717541,BR002,Small Business Owner,2025-05-29,Normal
M01352,Judith Adhiambo,21467672,0727740771,BR001,National Police Service,2020-09-25,Normal
M01353,Julius Waweru,20452880,0711261132,BR013,Kenya Revenue Authority,2020-06-09,Normal
M01354,Jane Kiptoo,24671786,0774481609,BR002,Kenya Revenue Authority,2025-08-01,Normal
M01355,Charles Wanjiru,28180867,0717499483,BR010,Safaricom,2024-06-25,Normal
M01356,Mary Gitau,21494039,0723799637,BR012,Safaricom,2022-07-02,Normal
M01357,Beatrice Wanjiru,20040614,0740106747,BR005,Self Employed,2020-08-26,Normal
M01358,Julius Wafula,27579422,0761639439,BR004,Ministry of Health,2024-04-16,Normal
M01359,David Cheruiyot,23413702,0747824471,BR015,Matatu SACCO Crew,2020-10-05,Normal
M01360,Simon Adhiambo,22845560,0715817913,BR002,Kenya Ports Authority,2026-05-28,Normal
M01361,Nancy Njoroge,34268839,0730162191,BR003,Farmer / Agribusiness,2021-07-01,Normal
M01362,Joyce Wamalwa,23487062,0746385523,BR011,Farmer / Agribusiness,2022-11-19,Normal
M01363,Diana Ndungu,22562534,0710292428,BR008,Private Security Firm,2023-08-22,Normal
M01364,Samuel Maina,34988610,0774214057,BR015,Private Security Firm,2021-03-02,Normal
M01365,Martin Mutua,24854246,0722139593,BR002,Matatu SACCO Crew,2020-10-08,Normal
M01366,Charles Nyambura,36149363,0765558669,BR003,Kenya Ports Authority,2021-07-16,Normal
M01367,Judith Adhiambo,28251307,0761430248,BR013,Small Business Owner,2023-03-29,Normal
M01368,Caroline Rotich,27721361,0761623796,BR009,Teacher - TSC,2025-01-28,Normal
M01369,Diana Ndungu,27359627,0721710526,BR010,National Police Service,2024-03-25,Normal
M01370,Mary Kilonzo,38735938,0773609317,BR006,County Government,2019-07-14,Normal
M01371,Joyce Langat,24675785,0749553600,BR015,KPLC,2020-09-26,Normal
M01372,Duncan Cheruiyot,21874540,0728495379,BR003,Teacher - TSC,2025-09-07,Normal
M01373,Diana Nyambura,32471653,0717258943,BR012,Retired,2021-02-08,Normal
M01374,Michael Langat,25307411,0714051460,BR002,County Government,2026-01-09,Normal
M01375,John Muthoni,33975248,0730094705,BR006,Kenya Revenue Authority,2021-01-31,Normal
M01376,Diana Wafula,35776773,0765233612,BR003,Retired,2024-10-08,Normal
M01377,Margaret Odhiambo,25230711,0718053170,BR006,Farmer / Agribusiness,2024-06-24,Normal
M01378,Purity Njoroge,20364655,0763202657,BR011,Private Security Firm,2019-11-11,Normal
M01379,Catherine Adhiambo,39195320,0777360178,BR007,Boda Boda Operator,2024-08-05,Normal
M01380,Catherine Otieno,37498671,0760675282,BR012,County Government,2022-01-19,Normal
M01381,Esther Maina,26163740,0785067208,BR012,Kenya Ports Authority,2021-11-16,Normal
M01382,Julius Kariuki,33592896,0761065827,BR014,County Government,2020-05-14,Normal
M01383,Stephen Odhiambo,23503084,0720443290,BR001,Matatu SACCO Crew,2023-09-01,Normal
M01384,Joseph Rotich,23572357,0718766990,BR010,National Police Service,2023-04-07,Normal
M01385,Daniel Kariuki,21086049,0742257238,BR010,Boda Boda Operator,2019-08-16,Normal
M01386,Kennedy Onyango,21532787,0716449014,BR002,Matatu SACCO Crew,2025-11-23,Normal
M01387,Emily Wafula,33359240,0777137866,BR002,National Police Service,2022-12-18,Normal
M01388,Diana Omondi,23267525,0754468774,BR006,Small Business Owner,2023-11-19,Normal
M01389,Emily Wanjiru,20794747,0788809362,BR015,Kenya Revenue Authority,2025-02-23,Normal
M01390,Grace Wafula,25409746,0730339060,BR007,Ministry of Health,2024-11-06,Normal
M01391,Isaac Cheruiyot,27235919,0797807942,BR008,County Government,2020-05-20,Normal
M01392,Mercy Waweru,37558600,0755823984,BR013,KPLC,2021-04-22,Normal
M01393,Michael Langat,34458653,0715370440,BR013,Farmer / Agribusiness,2020-12-21,Normal
M01394,Michael Waweru,22516524,0730454970,BR012,Kenya Ports Authority,2023-11-06,Normal
M01395,Ann Mumo,30386516,0783435357,BR011,Private Security Firm,2025-01-29,Normal
M01396,Patrick Njoroge,29918964,0731672470,BR013,Teacher - TSC,2020-06-24,Normal
M01397,James Njoroge,35459907,0744620670,BR005,KPLC,2025-12-19,Normal
M01398,Faith Muthoni,36383253,0715314034,BR005,Matatu SACCO Crew,2024-06-16,Normal
M01399,Michael Adhiambo,24327992,0769166889,BR014,Matatu SACCO Crew,2022-09-19,Normal
M01400,Dennis Koech,35102590,0745276100,BR009,Farmer / Agribusiness,2023-01-07,Normal
M01401,Grace Wekesa,28214688,0785269356,BR015,Self Employed,2019-12-24,Normal
M01402,Anthony Maina,22448758,0739937437,BR003,Small Business Owner,2020-09-06,Normal
M01403,Erick Kariuki,37955505,0772391513,BR014,Teacher - TSC,2024-09-07,Normal
M01404,Rebecca Maina,34532907,0736772544,BR002,Small Business Owner,2021-07-10,Normal
M01405,Michael Onyango,27134852,0773917095,BR006,Teacher - TSC,2020-03-23,Normal
M01406,Winnie Wanjiru,27162869,0752974720,BR005,Kenya Ports Authority,2024-08-06,Normal
M01407,Kennedy Kilonzo,34432087,0773539966,BR001,National Police Service,2026-03-30,Normal
M01408,Everlyne Nyambura,29054600,0743832435,BR001,Ministry of Health,2021-11-15,Normal
M01409,Brian Otieno,30010521,0770588691,BR003,Private Security Firm,2020-06-09,Normal
M01410,Catherine Njoroge,21803291,0722407255,BR007,Farmer / Agribusiness,2025-05-21,Normal
M01411,Margaret Njoroge,26664088,0756879065,BR015,Small Business Owner,2024-04-22,Normal
M01412,Alice Chebet,34656038,0757606004,BR008,Farmer / Agribusiness,2024-10-31,Normal
M01413,Caroline Ndungu,26662567,0720443308,BR012,Retired,2025-11-24,Normal
M01414,Geoffrey Gitau,30620490,0711904117,BR011,County Government,2025-12-27,Normal
M01415,Patrick Odhiambo,33636072,0745272780,BR015,Safaricom,2024-08-23,Normal
M01416,Lilian Wanjiru,35076967,0795753906,BR012,Kenya Ports Authority,2019-07-18,Normal
M01417,Lucy Nyambura,38323613,0732293702,BR002,Kenya Ports Authority,2019-11-29,Normal
M01418,Daniel Omondi,39355418,0711928845,BR007,Matatu SACCO Crew,2021-12-04,Normal
M01419,Francis Koech,24185759,0776992183,BR014,Ministry of Health,2023-08-01,Normal
M01420,Duncan Rotich,34289127,0780218664,BR008,Kenya Revenue Authority,2024-02-22,Normal
M01421,Kevin Njoroge,38547332,0789845027,BR006,County Government,2020-10-09,Normal
M01422,Geoffrey Chebet,34679851,0795108432,BR009,Boda Boda Operator,2024-05-22,Normal
M01423,Faith Otieno,20551181,0792713066,BR012,Farmer / Agribusiness,2020-08-12,Normal
M01424,Nancy Adhiambo,38278231,0723381785,BR007,Ministry of Health,2020-08-30,Normal
M01425,Everlyne Wafula,34114365,0738436861,BR008,National Police Service,2025-02-22,Normal
M01426,Daniel Langat,35756296,0726702129,BR013,Matatu SACCO Crew,2024-08-07,Normal
M01427,Judith Chebet,33281131,0711020743,BR013,Matatu SACCO Crew,2024-09-14,Normal
M01428,Robert Omondi,28875116,0751258084,BR013,Private Security Firm,2022-01-05,Normal
M01429,Simon Nyambura,21096378,0712084410,BR015,Self Employed,2024-02-25,Normal
M01430,Nancy Barasa,31243752,0732872143,BR003,Kenya Ports Authority,2023-09-13,Normal
M01431,Lucy Waweru,33197553,0716923083,BR007,Kenya Revenue Authority,2022-03-19,Normal
M01432,Julius Maina,25828984,0764105718,BR015,Farmer / Agribusiness,2025-12-24,Normal
M01433,David Chebet,24238940,0777680235,BR006,Teacher - TSC,2025-04-20,Normal
M01434,Judith Adhiambo,28731873,0784209721,BR011,County Government,2025-12-21,Normal
M01435,Dennis Mwangi,39907448,0730541837,BR006,Self Employed,2021-10-14,Normal
M01436,Mary Wekesa,24380464,0770895423,BR010,Ministry of Health,2025-08-06,Normal
M01437,Robert Cheruiyot,29963066,0736015276,BR011,Safaricom,2023-07-08,Normal
M01438,Everlyne Kamau,29226288,0721135154,BR014,Farmer / Agribusiness,2022-04-02,Normal
M01439,Lilian Odhiambo,23722244,0771623079,BR003,Farmer / Agribusiness,2019-10-05,Normal
M01440,Stephen Wamalwa,26060859,0722452337,BR010,Teacher - TSC,2020-11-16,Normal
M01441,Charles Ndungu,20736753,0765531931,BR008,Teacher - TSC,2023-07-22,Normal
M01442,Rose Wamalwa,30522164,0795033882,BR008,Farmer / Agribusiness,2020-05-10,Normal
M01443,Robert Njoroge,39035222,0794720028,BR008,Kenya Ports Authority,2021-04-22,Normal
M01444,Joyce Onyango,38336919,0710673042,BR014,County Government,2019-11-08,Normal
M01445,John Rotich,20773032,0779524101,BR009,Safaricom,2022-05-10,Normal
M01446,Faith Wamalwa,27279895,0713959103,BR013,Matatu SACCO Crew,2021-03-18,Normal
M01447,Ann Mutua,29182723,0774635885,BR003,National Police Service,2021-12-19,Normal
M01448,Sarah Wekesa,36636344,0768527249,BR002,Safaricom,2023-05-30,Normal
M01449,Geoffrey Langat,29431572,0762724203,BR007,Teacher - TSC,2021-08-31,Normal
M01450,Daniel Wekesa,36368918,0768179582,BR010,Farmer / Agribusiness,2026-02-02,Normal
M01451,Damaris Barasa,23609084,0791509842,BR008,Small Business Owner,2024-04-02,Normal
M01452,Robert Kariuki,22156417,0770317901,BR007,County Government,2021-09-28,Normal
M01453,Dennis Wafula,37800565,0757278642,BR015,Small Business Owner,2019-11-18,Normal
M01454,Beatrice Ndungu,26238268,0758015656,BR001,National Police Service,2020-10-14,Normal
M01455,Samuel Mumo,30551288,0726415312,BR002,Self Employed,2021-11-30,Normal
M01456,Anthony Ndungu,30789804,0741225585,BR006,Safaricom,2019-08-16,Normal
M01457,Purity Kiptoo,23453428,0785290602,BR002,Boda Boda Operator,2023-10-29,Normal
M01458,Judith Nyambura,34603075,0752652151,BR012,Private Security Firm,2026-04-26,Normal
M01459,Charles Onyango,21570073,0746831418,BR006,Small Business Owner,2021-09-21,Normal
M01460,Patrick Muthoni,32846566,0741732012,BR002,Kenya Ports Authority,2020-11-22,Normal
M01461,Lilian Muthoni,20155927,0771977968,BR001,Boda Boda Operator,2022-09-12,Normal
M01462,Rebecca Koech,21312657,0755283701,BR003,Ministry of Health,2024-01-07,Normal
M01463,Kennedy Nyambura,30099826,0746866059,BR001,Matatu SACCO Crew,2020-04-12,Normal
M01464,Elijah Barasa,36569802,0792184286,BR013,Self Employed,2023-05-19,Normal
M01465,Julius Adhiambo,24073942,0760184824,BR007,Kenya Ports Authority,2022-11-06,Normal
M01466,John Wanjiru,23527768,0753333406,BR002,Private Security Firm,2019-10-30,Normal
M01467,Daniel Wekesa,32377543,0782149862,BR012,Self Employed,2024-05-21,Normal
M01468,Grace Odhiambo,21610726,0750841125,BR015,Teacher - TSC,2020-02-03,Normal
M01469,Rose Mutua,25715615,0728490280,BR005,Kenya Ports Authority,2023-03-12,Normal
M01470,Samuel Mumo,39600160,0765471370,BR008,Ministry of Health,2020-11-05,Normal
M01471,Susan Onyango,36445155,0747653656,BR008,Matatu SACCO Crew,2020-11-15,Normal
M01472,Elijah Wafula,22778114,0757380159,BR013,Safaricom,2024-11-30,Normal
M01473,Lucy Chebet,22617807,0720085710,BR014,KPLC,2022-03-21,Normal
M01474,Sarah Gitau,32920477,0735221850,BR001,KPLC,2021-11-19,Normal
M01475,Emily Koech,37244539,0752058336,BR002,Kenya Revenue Authority,2023-04-27,Normal
M01476,Moses Odhiambo,24364106,0739364802,BR005,Farmer / Agribusiness,2024-08-04,Normal
M01477,Purity Kiptoo,33428648,0735226688,BR006,Teacher - TSC,2023-10-29,Normal
M01478,Lilian Muthoni,23424711,0729768893,BR005,KPLC,2024-03-30,Normal
M01479,Robert Achieng,26275677,0745803474,BR015,Self Employed,2020-09-13,Normal
M01480,David Adhiambo,38465147,0721283250,BR008,Matatu SACCO Crew,2025-06-15,Normal
M01481,Dennis Koech,31198439,0717134621,BR007,KPLC,2021-11-17,Normal
M01482,Brian Wekesa,34179712,0736029062,BR005,Boda Boda Operator,2023-08-25,Normal
M01483,Purity Waweru,36563012,0779607791,BR004,Small Business Owner,2024-01-07,Normal
M01484,David Cheruiyot,23865064,0717132030,BR002,Farmer / Agribusiness,2020-01-23,Normal
M01485,Vincent Odhiambo,29242886,0740395619,BR001,Farmer / Agribusiness,2025-12-14,Normal
M01486,Paul Wekesa,29001545,0776460815,BR010,National Police Service,2024-01-15,Normal
M01487,Diana Waweru,29662959,0710416997,BR003,Teacher - TSC,2021-10-13,Normal
M01488,Francis Langat,28006741,0732848229,BR003,Matatu SACCO Crew,2025-02-22,Normal
M01489,Robert Achieng,24759147,0711709239,BR011,Ministry of Health,2020-04-12,Normal
M01490,Stephen Wamalwa,22582921,0732914336,BR008,Ministry of Health,2024-04-19,Normal
M01491,Charles Muthoni,20033771,0775539501,BR013,Private Security Firm,2019-08-11,Normal
M01492,John Muthoni,29752883,0740640252,BR004,Safaricom,2024-10-19,Normal
M01493,Faith Wafula,31263462,0770749138,BR009,KPLC,2021-05-18,Normal
M01494,Charles Mutua,32223521,0771572485,BR012,Self Employed,2023-06-08,Normal
M01495,Consolata Koech,39989836,0775009006,BR014,Teacher - TSC,2023-06-16,Normal
M01496,Dennis Langat,27390551,0798498728,BR005,County Government,2025-04-29,Normal
M01497,Martin Chebet,34452582,0758240526,BR006,National Police Service,2025-01-31,Normal
M01498,Rose Kariuki,23621585,0746765441,BR012,Farmer / Agribusiness,2020-07-02,Normal
M01499,Consolata Koech,25870423,0745609215,BR011,Farmer / Agribusiness,2025-08-11,Normal
M01500,Dennis Mutua,30379167,0735578230,BR011,Self Employed,2023-05-31,Normal
